-- --------------------------------------------------------
-- Host:                         127.0.0.1
-- Server version:               8.0.19 - MySQL Community Server - GPL
-- Server OS:                    Win64
-- HeidiSQL Version:             11.0.0.5958
-- --------------------------------------------------------

/*!40101 SET @OLD_CHARACTER_SET_CLIENT=@@CHARACTER_SET_CLIENT */;
/*!40101 SET NAMES utf8 */;
/*!50503 SET NAMES utf8mb4 */;
/*!40014 SET @OLD_FOREIGN_KEY_CHECKS=@@FOREIGN_KEY_CHECKS, FOREIGN_KEY_CHECKS=0 */;
/*!40101 SET @OLD_SQL_MODE=@@SQL_MODE, SQL_MODE='NO_AUTO_VALUE_ON_ZERO' */;


-- Dumping database structure for test_work
CREATE DATABASE IF NOT EXISTS `test_work` /*!40100 DEFAULT CHARACTER SET utf8mb4 COLLATE utf8mb4_unicode_ci */ /*!80016 DEFAULT ENCRYPTION='N' */;
USE `test_work`;

-- Dumping structure for table test_work.failed_jobs
CREATE TABLE IF NOT EXISTS `failed_jobs` (
  `id` bigint unsigned NOT NULL AUTO_INCREMENT,
  `connection` text COLLATE utf8mb4_unicode_ci NOT NULL,
  `queue` text COLLATE utf8mb4_unicode_ci NOT NULL,
  `payload` longtext COLLATE utf8mb4_unicode_ci NOT NULL,
  `exception` longtext COLLATE utf8mb4_unicode_ci NOT NULL,
  `failed_at` timestamp NOT NULL DEFAULT CURRENT_TIMESTAMP,
  PRIMARY KEY (`id`)
) ENGINE=InnoDB DEFAULT CHARSET=utf8mb4 COLLATE=utf8mb4_unicode_ci;

-- Dumping data for table test_work.failed_jobs: ~0 rows (approximately)
/*!40000 ALTER TABLE `failed_jobs` DISABLE KEYS */;
/*!40000 ALTER TABLE `failed_jobs` ENABLE KEYS */;

-- Dumping structure for table test_work.migrations
CREATE TABLE IF NOT EXISTS `migrations` (
  `id` int unsigned NOT NULL AUTO_INCREMENT,
  `migration` varchar(255) COLLATE utf8mb4_unicode_ci NOT NULL,
  `batch` int NOT NULL,
  PRIMARY KEY (`id`)
) ENGINE=InnoDB AUTO_INCREMENT=112 DEFAULT CHARSET=utf8mb4 COLLATE=utf8mb4_unicode_ci;

-- Dumping data for table test_work.migrations: ~5 rows (approximately)
/*!40000 ALTER TABLE `migrations` DISABLE KEYS */;
INSERT INTO `migrations` (`id`, `migration`, `batch`) VALUES
	(107, '2014_10_12_000000_create_users_table', 1),
	(108, '2014_10_12_100000_create_password_resets_table', 1),
	(109, '2019_08_19_000000_create_failed_jobs_table', 1),
	(110, '2020_07_16_203811_create_projects_table', 1),
	(111, '2020_07_19_182811_create_tasks_table', 1);
/*!40000 ALTER TABLE `migrations` ENABLE KEYS */;

-- Dumping structure for table test_work.password_resets
CREATE TABLE IF NOT EXISTS `password_resets` (
  `email` varchar(255) COLLATE utf8mb4_unicode_ci NOT NULL,
  `token` varchar(255) COLLATE utf8mb4_unicode_ci NOT NULL,
  `created_at` timestamp NULL DEFAULT NULL,
  KEY `password_resets_email_index` (`email`)
) ENGINE=InnoDB DEFAULT CHARSET=utf8mb4 COLLATE=utf8mb4_unicode_ci;

-- Dumping data for table test_work.password_resets: ~0 rows (approximately)
/*!40000 ALTER TABLE `password_resets` DISABLE KEYS */;
/*!40000 ALTER TABLE `password_resets` ENABLE KEYS */;

-- Dumping structure for table test_work.projects
CREATE TABLE IF NOT EXISTS `projects` (
  `id` int unsigned NOT NULL AUTO_INCREMENT,
  `title` varchar(255) COLLATE utf8mb4_unicode_ci NOT NULL,
  `description` text COLLATE utf8mb4_unicode_ci NOT NULL,
  `user_id` int unsigned NOT NULL,
  `created_at` timestamp NULL DEFAULT NULL,
  `updated_at` timestamp NULL DEFAULT NULL,
  `deleted_at` timestamp NULL DEFAULT NULL,
  PRIMARY KEY (`id`),
  KEY `projects_user_id_foreign` (`user_id`),
  CONSTRAINT `projects_user_id_foreign` FOREIGN KEY (`user_id`) REFERENCES `users` (`id`)
) ENGINE=InnoDB AUTO_INCREMENT=41 DEFAULT CHARSET=utf8mb4 COLLATE=utf8mb4_unicode_ci;

-- Dumping data for table test_work.projects: ~40 rows (approximately)
/*!40000 ALTER TABLE `projects` DISABLE KEYS */;
INSERT INTO `projects` (`id`, `title`, `description`, `user_id`, `created_at`, `updated_at`, `deleted_at`) VALUES
	(1, 'Quibusdam et delectus suscipit fuga quos.', 'Eius officia totam praesentium non quo atque quaerat voluptas explicabo ducimus non sit blanditiis et molestias non est non tempore ducimus nihil nihil porro blanditiis mollitia perferendis perferendis repellendus omnis suscipit totam tenetur ut est vitae suscipit sed ut tempora dolor dolorem quia ratione sapiente rem quam tenetur nisi incidunt voluptatem ab est rem aspernatur aperiam nostrum est enim vero veniam harum officiis adipisci sapiente vel.', 2, '2020-07-22 16:23:29', '2020-07-22 16:23:29', NULL),
	(2, 'Est laboriosam recusandae dolorem incidunt.', 'Commodi nihil blanditiis culpa qui quos saepe nulla minima nam vel possimus maxime fugiat error ipsa odio possimus odit quia voluptatibus commodi sunt harum porro nulla enim nam dolorem omnis non rerum cupiditate aut voluptas doloribus illo rem corrupti in eum explicabo officiis ut velit laborum ut enim molestias.', 2, '2020-07-22 16:23:30', '2020-07-22 16:23:30', NULL),
	(3, 'Quis placeat est et id quam.', 'Laudantium nobis in harum consectetur quia quo maxime illum dolorem adipisci et et rerum ut id eum minus assumenda magnam ab nisi libero adipisci deleniti provident aliquid optio necessitatibus doloremque rerum non repudiandae deserunt sint reiciendis porro fugit reiciendis aperiam laboriosam eligendi qui porro voluptas impedit nesciunt quis consequatur vel culpa nisi possimus repellendus eveniet doloremque molestiae voluptatem ut facere ullam dolorem labore voluptatem.', 1, '2020-07-22 16:23:30', '2020-07-22 16:23:30', NULL),
	(4, 'Rerum quisquam nemo aut incidunt.', 'Consequuntur aut recusandae sapiente ullam ab iusto neque dolorem dignissimos cupiditate quasi eum quidem beatae aliquam omnis sed hic accusamus assumenda cumque ut voluptas enim aut cumque tempora eum exercitationem voluptas cum et quia enim dolor itaque atque.', 2, '2020-07-22 16:23:30', '2020-07-22 16:23:30', NULL),
	(5, 'Consequatur ipsum numquam non.', 'Molestias quo facilis voluptates quia voluptatum ut et qui aut voluptatem repellat corporis magni at officia dolorum odio aperiam non deserunt ut sint debitis est magni libero nisi et sit magnam.', 1, '2020-07-22 16:23:30', '2020-07-22 16:23:30', NULL),
	(6, 'Error illum sint rerum similique ea.', 'Et rerum eius consectetur nesciunt et tenetur rerum nulla harum provident perferendis sed quod ipsam minima tempora veniam nisi ut qui aut fugit et sit saepe similique earum dolorem sit nemo numquam numquam perspiciatis tempora et rem natus ea iure maxime et atque reiciendis aut ex error voluptas provident est aut repudiandae animi similique cum sed et tenetur veniam omnis voluptas dolore quos nemo et sunt.', 1, '2020-07-22 16:23:30', '2020-07-22 16:23:30', NULL),
	(7, 'Ipsa eum sed error perspiciatis.', 'Eius velit deserunt nihil quis enim velit et sed atque id voluptatem odit error non magnam blanditiis adipisci qui quos nesciunt culpa voluptas aut odit asperiores velit ut maiores sit nostrum rerum quibusdam sed iure enim minima veniam facere maxime aut voluptatibus animi.', 2, '2020-07-22 16:23:30', '2020-07-22 16:23:30', NULL),
	(8, 'Consequatur aut dolor beatae.', 'Officiis inventore fuga voluptates soluta exercitationem omnis dignissimos non sunt illum aut quis incidunt optio natus commodi non ut recusandae quod in eum aut saepe consequuntur provident nostrum officia cumque repellendus rerum ut aspernatur delectus est debitis qui itaque aut eos quam sed quasi doloremque repudiandae ut velit.', 1, '2020-07-22 16:23:30', '2020-07-22 16:23:30', NULL),
	(9, 'Debitis fuga nobis ea laborum est.', 'Fuga accusantium recusandae beatae numquam quidem alias et rerum ea amet magnam facilis in saepe repudiandae adipisci unde laboriosam aut omnis eius assumenda eum eaque architecto cum et unde consequuntur delectus corporis velit saepe repellendus et voluptates consequatur omnis officiis quia et dolor ut nam omnis.', 1, '2020-07-22 16:23:30', '2020-07-22 16:23:30', NULL),
	(10, 'Nobis a aut similique assumenda omnis eos.', 'Libero natus quasi dolore dolor quia qui corporis vel laborum soluta eum molestiae nihil quis et vel omnis aut at at officiis non enim et exercitationem ab adipisci libero culpa iure molestiae sunt voluptatem enim eaque consectetur possimus tempore numquam quaerat quibusdam est ea enim esse fuga recusandae a animi voluptatem architecto consectetur iste pariatur a.', 1, '2020-07-22 16:23:30', '2020-07-22 16:23:30', NULL),
	(11, 'Id facere omnis nesciunt.', 'Accusantium eum reprehenderit officia rerum repellendus quia molestias veniam qui cupiditate et molestiae voluptatem accusantium et qui veniam numquam quos et qui numquam consequatur minima fuga alias voluptatum et commodi adipisci pariatur labore quis eum aperiam quis dolor qui rerum ipsa reprehenderit aut at sed voluptatem sit fugit incidunt consequatur sunt ad voluptatem enim aut ipsam.', 1, '2020-07-22 16:23:30', '2020-07-22 16:23:30', NULL),
	(12, 'Ut quis laborum dolor eum iure facilis ea.', 'Eos optio omnis vel odio corporis nihil deserunt totam minus praesentium vitae doloremque error provident distinctio suscipit rerum aut at fugiat nesciunt nisi facilis dolor accusantium inventore ducimus nisi sequi ut doloremque qui consequatur est et vitae commodi aut debitis ut cumque ab ut aut est asperiores sint.', 2, '2020-07-22 16:23:30', '2020-07-22 16:23:30', NULL),
	(13, 'Quae earum ut harum nulla aut.', 'Consequatur earum quaerat aut similique ipsum neque quia amet est qui incidunt mollitia et qui est atque perferendis quod dignissimos ipsum aut facere non dolor praesentium minus delectus tempora occaecati sint ad voluptatum illum tenetur quasi cupiditate.', 1, '2020-07-22 16:23:30', '2020-07-22 16:23:30', NULL),
	(14, 'Voluptatem voluptatem aliquid accusantium.', 'Eaque quos rerum numquam quasi fuga maiores enim asperiores est praesentium et debitis ratione placeat repellendus voluptatem officiis accusamus qui vel fugit placeat blanditiis ut dolores vel voluptas consequatur natus eligendi deleniti vero qui ullam illum nobis inventore est omnis et in repudiandae perferendis officia autem nam eaque reiciendis aut vel tempora.', 2, '2020-07-22 16:23:30', '2020-07-22 16:23:30', NULL),
	(15, 'Corporis et deleniti dolorem aut officia sunt.', 'Et necessitatibus eos ab ea quidem quis sit maxime neque quis eos voluptatem laudantium magnam sequi aspernatur exercitationem a id et commodi eius consequuntur quo cum delectus qui aut unde numquam perspiciatis perferendis aut sunt temporibus optio aut qui ipsam quia aliquid ex adipisci sit ipsam hic doloribus beatae incidunt amet explicabo et ea ex laborum molestiae magni blanditiis dolor iusto et debitis non quia esse.', 1, '2020-07-22 16:23:30', '2020-07-22 16:23:30', NULL),
	(16, 'Rerum eum sed minima aut.', 'Nemo aperiam dolores voluptates qui natus omnis magnam eligendi et aut odio eum rerum quam totam qui ipsam ipsa fugiat incidunt temporibus ut in corrupti animi alias numquam dolor cupiditate pariatur unde consequuntur perspiciatis nulla autem quia fuga vel assumenda numquam.', 1, '2020-07-22 16:23:30', '2020-07-22 16:23:30', NULL),
	(17, 'Assumenda ut ea voluptatem at nihil est.', 'Enim vitae veritatis doloremque enim et corrupti incidunt animi nulla tempore voluptatibus hic omnis quis perspiciatis sunt facere perspiciatis recusandae laborum quia ipsam doloremque et quos nihil sapiente et rerum qui id amet et est molestiae dolorum quidem omnis exercitationem voluptate non numquam eum reiciendis quibusdam placeat odio porro illo ea ipsam harum amet enim itaque enim quia modi alias commodi non.', 2, '2020-07-22 16:23:30', '2020-07-22 16:23:30', NULL),
	(18, 'Harum et fugit ut est quia.', 'Et cupiditate impedit id ducimus odio et ullam repellat ex qui asperiores mollitia voluptatem voluptates temporibus necessitatibus sit et eos minima sunt porro quibusdam eum voluptatem omnis delectus quae aperiam perferendis accusantium deserunt et minima labore officiis distinctio quaerat nesciunt vel rerum aut.', 1, '2020-07-22 16:23:30', '2020-07-22 16:23:30', NULL),
	(19, 'Qui sequi deleniti harum.', 'Quia asperiores ut ipsa sed sed facere aut temporibus aut iusto sint qui sint possimus animi est libero et repellat nobis voluptatem quibusdam nobis et sed odio accusantium nesciunt numquam laborum ratione a dolorem omnis est tempora eum et voluptate non repellat fugit nesciunt consequuntur tenetur fuga tenetur eum nostrum voluptatem consequatur reiciendis voluptate corporis quia animi.', 1, '2020-07-22 16:23:30', '2020-07-22 16:23:30', NULL),
	(20, 'Temporibus accusantium dicta quia dolores culpa.', 'Totam magnam possimus eius et officiis vitae accusamus quia et aut modi adipisci quasi officiis laudantium ut neque distinctio saepe facilis quidem exercitationem omnis rerum beatae quibusdam eos saepe tempore optio ex quae non non unde et aspernatur nostrum cupiditate et molestiae repellat magni et voluptates omnis aut inventore iure ut doloribus ullam vitae explicabo saepe et reiciendis eum at nihil repudiandae consequuntur praesentium beatae.', 1, '2020-07-22 16:23:30', '2020-07-22 16:23:30', NULL),
	(21, 'Quia ut velit saepe.', 'Quis quia culpa libero voluptatum sequi nemo nam ut culpa nesciunt dolores excepturi nostrum porro ratione sint dolorem repellat deserunt velit similique qui quo necessitatibus iusto aut sunt incidunt enim tenetur saepe voluptas eveniet illum tempora eius laboriosam.', 2, '2020-07-22 16:23:30', '2020-07-22 16:23:30', NULL),
	(22, 'Natus dicta illo sunt ducimus.', 'Velit minima in aliquid sunt quisquam aperiam qui tenetur nobis aut aut qui saepe aut velit aut corrupti natus in in optio quaerat mollitia non reiciendis voluptatum et quis ut ut rem cum vero aut laudantium et voluptas dolores veniam at dolores minus.', 2, '2020-07-22 16:23:30', '2020-07-22 16:23:30', NULL),
	(23, 'Aperiam ea voluptatem aspernatur aut expedita.', 'Animi in aspernatur molestiae esse facilis esse quae id et et velit alias ipsa quia voluptas sunt aut consequatur in quo aut et magnam unde aut a esse voluptatum nesciunt id omnis officiis ea vero officia et blanditiis aperiam mollitia optio cumque eius consequatur ducimus cumque nam nihil tempore libero et placeat veniam aliquid ut cum aliquam.', 1, '2020-07-22 16:23:30', '2020-07-22 16:23:30', NULL),
	(24, 'In aliquam et fugiat aliquid.', 'Laboriosam quod ratione enim eaque delectus rerum ex consectetur corporis sapiente numquam sit atque asperiores libero laboriosam quaerat non eum labore inventore ut velit iusto fugiat non est impedit consequatur voluptatum quaerat molestias qui ea ex qui soluta dicta molestias quibusdam nostrum omnis non enim qui eligendi similique sapiente vitae in in soluta enim maxime sed quis numquam repellat est fuga soluta.', 1, '2020-07-22 16:23:30', '2020-07-22 16:23:30', NULL),
	(25, 'Qui ad qui modi amet facere explicabo.', 'Vel repudiandae quia enim aut corporis eligendi sed omnis odit reprehenderit omnis occaecati dolorum voluptatem veniam tenetur ut non minima quia dolores eos voluptas quas velit ducimus voluptas sint porro aut.', 1, '2020-07-22 16:23:30', '2020-07-22 16:23:30', NULL),
	(26, 'Provident neque et culpa nobis adipisci.', 'Non nihil aliquid aliquid veritatis consectetur doloremque maxime assumenda consequatur molestiae aut nesciunt non nemo quo magni non aperiam quas possimus sit ipsa pariatur ab ex quia omnis modi exercitationem adipisci ut ad error et voluptates laborum cumque voluptate nesciunt quaerat quod molestiae eveniet aut ut sed sunt accusantium ut ratione quis et cupiditate labore excepturi nisi ex totam.', 2, '2020-07-22 16:23:30', '2020-07-22 16:23:30', NULL),
	(27, 'Molestias quia modi incidunt et sequi aut.', 'In illum sunt sint reprehenderit dignissimos dolor repudiandae exercitationem ut natus enim molestiae sunt eos nihil magnam et excepturi aut iusto aut voluptatum quia qui est dignissimos quas et aut sint accusamus voluptate voluptatum nihil consequatur expedita quaerat rerum eos in minus qui inventore ut eaque adipisci explicabo ipsa voluptatum.', 1, '2020-07-22 16:23:30', '2020-07-22 16:23:30', NULL),
	(28, 'Non vel deleniti sunt consequatur sit.', 'Rem unde dolor consequatur odit cum officia suscipit minima quis et velit unde deleniti fugit molestiae et sit ipsa quia provident molestiae tempore temporibus excepturi pariatur quia cumque est sequi accusantium cumque dolores odit doloremque minima eius itaque dolor omnis temporibus amet maxime est vitae dicta est aut.', 2, '2020-07-22 16:23:30', '2020-07-22 16:23:30', NULL),
	(29, 'Reiciendis tempore tempore totam deleniti.', 'Ut molestiae fugit in aperiam eaque et voluptate cumque consequatur quo non voluptas quam omnis doloremque soluta totam ullam sed voluptatum voluptatem sint animi blanditiis iure nostrum omnis illo nesciunt non quis odio repudiandae unde ut itaque dignissimos dolores quia quo vitae ut voluptatem voluptatem omnis.', 2, '2020-07-22 16:23:30', '2020-07-22 16:23:30', NULL),
	(30, 'Debitis praesentium sequi facilis aut.', 'Quo perferendis est dolor illum id voluptatibus aperiam excepturi et similique a officia ut quidem minus aspernatur quo est quas voluptatem officia nihil excepturi enim est porro repudiandae nisi sit natus asperiores aliquam sit laudantium repellendus velit aut vero minus quas reprehenderit repellat inventore aut numquam perferendis repudiandae hic voluptatem enim praesentium et.', 2, '2020-07-22 16:23:30', '2020-07-22 16:23:30', NULL),
	(31, 'Dolor provident qui ea optio facere.', 'Est ad quasi quo sed quo quis qui vel nulla error tempore soluta ut minus voluptas dicta debitis expedita in amet quaerat quae unde nulla eos corporis veniam aut reprehenderit quae aut numquam consequuntur quas corrupti dolore molestiae voluptas aperiam cum ipsum animi voluptatem at est architecto reprehenderit id deleniti qui modi et quisquam id dolorem molestias odio velit id dolor repellat quam voluptas qui.', 1, '2020-07-22 16:23:30', '2020-07-22 16:23:30', NULL),
	(32, 'Beatae error id quas optio voluptatem.', 'Dolores quaerat optio labore dolore ex et qui minus eum fuga magnam quia voluptatum minus sed sit tenetur maiores optio porro sit aliquid et qui modi excepturi dolor occaecati est rerum maxime et eligendi repellat in quaerat laboriosam aut aperiam perferendis saepe quidem consequuntur unde modi voluptas delectus id maxime eveniet veritatis qui provident consequatur ut praesentium omnis maiores sit aut distinctio nihil eveniet.', 2, '2020-07-22 16:23:30', '2020-07-22 16:23:30', NULL),
	(33, 'Cum et delectus eos et et.', 'Ad rerum qui nihil nesciunt nisi accusantium vitae omnis delectus quia odit aut ullam iusto vel nisi architecto debitis molestiae voluptas facilis exercitationem exercitationem voluptate eligendi totam eveniet vel maiores consequuntur aut debitis et libero quos id quia eum tempora consectetur pariatur animi minus quis libero aliquid id tempora aut libero dolores nemo deleniti aut quasi sit error corrupti ex molestiae omnis.', 1, '2020-07-22 16:23:30', '2020-07-22 16:23:30', NULL),
	(34, 'Explicabo eveniet eos id nobis.', 'Ratione vitae molestiae voluptatem molestias dolor sed praesentium et consequatur voluptas rem et voluptatem nam architecto eveniet aut eos perspiciatis ullam voluptas dolores quam cumque tempora autem aut sed atque necessitatibus expedita sint deleniti minus molestias omnis blanditiis ut voluptate nulla maiores fugit vitae maiores inventore qui molestiae rerum quia natus ratione est accusantium voluptatem et quo.', 2, '2020-07-22 16:23:30', '2020-07-22 16:23:30', NULL),
	(35, 'Ut ipsum mollitia libero optio velit.', 'Doloribus sed repellat sit velit nesciunt nihil velit perspiciatis officia aut aut aliquam voluptas distinctio quod molestiae sunt repellat enim laudantium magni iusto nam consectetur voluptas eaque nihil rerum officia et incidunt placeat.', 1, '2020-07-22 16:23:30', '2020-07-22 16:23:30', NULL),
	(36, 'Eligendi sapiente quo deserunt.', 'Consequatur porro fuga qui sunt ut eius voluptas explicabo autem quis cupiditate vel sint et labore dolor ut ea doloribus accusamus ea ex repellendus et sunt rerum amet omnis ut adipisci in quam.', 1, '2020-07-22 16:23:30', '2020-07-22 16:23:30', NULL),
	(37, 'Quia autem explicabo et non aut vitae.', 'Qui quo quis pariatur et qui reprehenderit nam aliquam perferendis corrupti non voluptates nostrum ut alias et occaecati accusantium est fuga omnis placeat voluptates nostrum harum voluptates dolorem hic iste quia corporis reprehenderit sed sint.', 1, '2020-07-22 16:23:30', '2020-07-22 16:23:30', NULL),
	(38, 'Optio et quos sequi omnis atque sit ut.', 'Tempora modi aliquid molestiae commodi qui impedit quo voluptatem maiores consequuntur omnis aut harum tenetur ut saepe omnis quo consequuntur nostrum dicta necessitatibus illo corporis perspiciatis blanditiis sit aliquid aut occaecati fugiat totam quisquam.', 2, '2020-07-22 16:23:30', '2020-07-22 16:23:30', NULL),
	(39, 'Sit dolore fugit occaecati ipsam quis.', 'Esse impedit magnam repellat tempore minima beatae ipsam rerum voluptas sunt ipsam qui architecto illum delectus omnis a est aspernatur excepturi beatae error tempore assumenda minima dolores quo officiis alias libero sequi deserunt adipisci quaerat voluptas incidunt deleniti quos repellendus consequuntur voluptatem sit omnis dolor deserunt non quaerat impedit inventore autem nihil.', 2, '2020-07-22 16:23:30', '2020-07-22 16:23:30', NULL),
	(40, 'Soluta ea nihil veniam expedita officia.', 'Eius necessitatibus a expedita rerum ullam et eveniet suscipit doloremque quam quis et eius dolorum aut quis harum aut et veritatis nesciunt aut ut culpa enim accusantium quibusdam rerum error similique qui deleniti aut iusto aut quis laborum numquam ut possimus ad consequatur voluptatem qui nobis sit iure cupiditate inventore et quibusdam dolores magnam odit consequatur repellat aut dolorem ut.', 1, '2020-07-22 16:23:30', '2020-07-22 16:23:30', NULL);
/*!40000 ALTER TABLE `projects` ENABLE KEYS */;

-- Dumping structure for table test_work.tasks
CREATE TABLE IF NOT EXISTS `tasks` (
  `id` int unsigned NOT NULL AUTO_INCREMENT,
  `name` varchar(255) COLLATE utf8mb4_unicode_ci NOT NULL,
  `description` text COLLATE utf8mb4_unicode_ci NOT NULL,
  `status` int NOT NULL,
  `deadline` date DEFAULT NULL,
  `created_at` timestamp NULL DEFAULT NULL,
  `updated_at` timestamp NULL DEFAULT NULL,
  `deleted_at` timestamp NULL DEFAULT NULL,
  `project_id` int unsigned NOT NULL,
  PRIMARY KEY (`id`),
  KEY `tasks_project_id_foreign` (`project_id`),
  CONSTRAINT `tasks_project_id_foreign` FOREIGN KEY (`project_id`) REFERENCES `projects` (`id`)
) ENGINE=InnoDB AUTO_INCREMENT=154 DEFAULT CHARSET=utf8mb4 COLLATE=utf8mb4_unicode_ci;

-- Dumping data for table test_work.tasks: ~153 rows (approximately)
/*!40000 ALTER TABLE `tasks` DISABLE KEYS */;
INSERT INTO `tasks` (`id`, `name`, `description`, `status`, `deadline`, `created_at`, `updated_at`, `deleted_at`, `project_id`) VALUES
	(1, 'Molestias et dignissimos voluptatem dolorem. Quam incidunt sit alias est et.', 'Consequatur assumenda occaecati et et magni magni delectus et architecto sed repudiandae error perspiciatis optio animi recusandae eveniet magni totam esse et culpa veritatis nihil dolorum nesciunt minus nemo inventore et aliquid sed consequatur quia dolorum occaecati perferendis alias ut libero autem aliquid repudiandae quis ut expedita modi tenetur dolor aut assumenda explicabo ut et totam ex est rerum.', 1, '1995-03-29', '2020-07-22 16:23:30', '2020-07-22 16:23:30', NULL, 6),
	(2, 'Ipsam ex repellat nostrum aliquid et. Odio sint ea ea. Quod sit totam ut rem odio.', 'Ratione ad molestias eum assumenda veniam sit et ullam rerum autem qui corrupti animi est accusamus animi reiciendis eum sint beatae aperiam autem et et quae similique voluptates exercitationem dolorem asperiores illum officia omnis rerum quas laudantium laborum distinctio impedit expedita quia dolore quos dicta deleniti.', 2, '1991-02-21', '2020-07-22 16:23:30', '2020-07-22 16:23:30', NULL, 11),
	(3, 'Corporis a et assumenda dolor optio occaecati. Et modi ducimus quisquam tempore aperiam asperiores.', 'Hic reprehenderit non commodi praesentium nihil consectetur nobis ratione dolore eos voluptatem quidem sed odit incidunt aut ad provident modi laborum laudantium voluptates nihil aut non et adipisci iste quas eaque tenetur quibusdam hic ut beatae maiores esse et illum ad.', 2, '1974-06-20', '2020-07-22 16:23:30', '2020-07-22 16:23:30', NULL, 36),
	(4, 'Commodi qui omnis aspernatur maxime assumenda natus. Excepturi natus qui cumque error.', 'Amet repudiandae ut quia similique error quia ad laboriosam quae sunt voluptatum neque ullam iure aut quia reiciendis impedit eos aut asperiores voluptas vitae at pariatur molestiae omnis vel quam asperiores aut ea rerum et aut dicta ut tempora.', 0, '1986-01-05', '2020-07-22 16:23:30', '2020-07-22 16:23:30', NULL, 32),
	(5, 'Repellat veniam delectus laborum ut sint. Sed quis quidem iusto magni voluptatum repellendus.', 'Vel distinctio eos autem velit et asperiores et omnis blanditiis asperiores illo inventore ipsum sit officia temporibus et molestiae voluptatem ducimus blanditiis vel natus deserunt praesentium ab et fugiat officia ipsam non excepturi ab recusandae voluptatem voluptatem aliquam id facilis eaque accusantium qui.', 2, '2020-01-02', '2020-07-22 16:23:31', '2020-07-22 16:23:31', NULL, 35),
	(6, 'Dolor esse cupiditate nihil rem accusamus. Vel magnam velit velit dicta autem et enim.', 'Nobis alias maiores dolorem repellat minus voluptatum est libero aut fugit eligendi mollitia sunt odio tenetur tempora ut nobis officia ut maxime culpa adipisci officia quis maiores cum id deserunt quaerat blanditiis accusantium officia et est maxime quisquam id et placeat officia temporibus qui a cumque et aut minima.', 0, '1974-08-04', '2020-07-22 16:23:31', '2020-07-22 16:23:31', NULL, 35),
	(7, 'Qui commodi voluptatem quisquam. Ut nemo ab est molestiae. Repudiandae magnam dolorum nemo et et.', 'Ut voluptatibus cupiditate adipisci ut laborum non a recusandae voluptatum labore fugit cum nisi commodi accusantium eveniet deserunt aut neque modi doloribus fugit itaque ullam earum sit nesciunt quia molestiae cupiditate ut.', 1, '1979-03-10', '2020-07-22 16:23:31', '2020-07-22 16:23:31', NULL, 22),
	(8, 'Quasi voluptas dicta nisi est rem. Ut dolores ipsa quibusdam est.', 'Aut iste laudantium rerum ab ut ipsa quo molestiae cupiditate natus dolorem exercitationem quasi nam molestias voluptas quaerat aut voluptates iusto amet tenetur ea officiis dolorem recusandae voluptatem consectetur rem natus facilis soluta et ut nam corrupti id iure non omnis esse voluptas quisquam et pariatur vel in repudiandae suscipit totam mollitia quae ipsam maxime omnis maxime ut.', 0, '1976-12-11', '2020-07-22 16:23:31', '2020-07-22 16:23:31', NULL, 19),
	(9, 'Perspiciatis labore praesentium atque omnis. Corrupti ut dolorum recusandae repudiandae unde quia.', 'Et vel assumenda quis facere exercitationem ut aut qui voluptatem fuga nihil asperiores sed enim dolores ab tempore sit aliquid vero sed tempora animi autem qui consequatur amet nisi recusandae dolor nam ipsum voluptatibus placeat tenetur saepe voluptates quaerat deleniti iusto reprehenderit laudantium numquam nobis tempora eos et porro.', 0, '1983-07-10', '2020-07-22 16:23:31', '2020-07-22 16:23:31', NULL, 18),
	(10, 'Eius ipsa dolores qui qui. Qui ea sapiente aut facilis earum. Ut neque et cumque dolores in quos.', 'Tempore similique non rerum qui minima eaque omnis blanditiis quia repellat ex laborum quae esse dolorum quibusdam repudiandae alias explicabo aliquid facilis voluptas et mollitia aliquam in eaque illum distinctio atque qui magnam et non dolores neque et iusto minus odit dignissimos tempora.', 2, '2002-05-13', '2020-07-22 16:23:31', '2020-07-22 16:23:31', NULL, 12),
	(11, 'Voluptatem et aperiam architecto deserunt aut accusamus itaque. Qui id sit natus qui.', 'Unde similique rerum ea explicabo numquam quo laboriosam debitis dolor sint ut ut eveniet iure laborum quia molestiae reiciendis sint quisquam non reprehenderit voluptates maiores aliquid et exercitationem suscipit nulla voluptatum cum aut amet quo sed mollitia sint dolor et aut consequatur aut maiores possimus quia aspernatur consequatur mollitia est molestiae.', 1, '2016-03-21', '2020-07-22 16:23:31', '2020-07-22 16:23:31', NULL, 16),
	(12, 'Doloremque eveniet sint provident et. Qui sunt qui et possimus.', 'Expedita vel id et quo quia ullam alias non voluptatem ducimus sapiente non deleniti qui exercitationem provident eos quisquam totam officia esse voluptatem iste tempora fuga rem incidunt quia quia occaecati quos quis aut quia aut eligendi sit omnis praesentium distinctio odit animi ut ut qui iste sapiente ea voluptatem provident officia ratione delectus consequatur quia expedita ad harum sed quidem eveniet.', 1, '1983-09-23', '2020-07-22 16:23:31', '2020-07-22 16:23:31', NULL, 36),
	(13, 'Repellendus saepe nemo ut cum. Ut tempore laborum est sunt.', 'Quia quia reprehenderit cupiditate aut aut fuga nostrum ut et aut alias aliquid fugiat velit cumque eum accusantium at provident voluptatem corporis iure corporis voluptas quaerat qui saepe recusandae aliquid omnis ut perspiciatis distinctio qui.', 0, '1994-11-17', '2020-07-22 16:23:31', '2020-07-22 16:23:31', NULL, 16),
	(14, 'Labore vitae odit vitae dolorem ut non. Sint ipsa nostrum dolorum in et sit.', 'Similique repellat dolorum nostrum pariatur laborum excepturi quis molestiae adipisci at occaecati et quas qui velit laboriosam consequatur repellendus ut saepe quo necessitatibus consequatur placeat quis quo veritatis quos id nostrum quasi dolore atque neque doloribus eos rerum aut molestias quam placeat nesciunt voluptatem ipsam esse consequatur quod suscipit esse dolores voluptatem vel quis fugiat nemo nihil error modi tempore rerum maxime aperiam.', 1, '1970-10-16', '2020-07-22 16:23:31', '2020-07-22 16:23:31', NULL, 25),
	(15, 'Enim aut pariatur pariatur deleniti unde. Fugit eius quis qui repellendus doloribus quaerat.', 'Delectus ut molestiae possimus aperiam est voluptatem inventore sit sint perspiciatis harum quisquam quis veniam dolore delectus et quia repellendus officiis ea earum illum quia et quasi autem est optio et non dolore iste sint qui nihil ratione voluptatem omnis exercitationem eligendi dolorem in sapiente qui temporibus velit iste est ea recusandae suscipit ea dolorum quod quos sed dolor harum accusamus non autem eligendi illum qui ut delectus minus dolore.', 1, '1986-10-16', '2020-07-22 16:23:31', '2020-07-22 16:23:31', NULL, 12),
	(16, 'Incidunt aperiam beatae sint id. Voluptatem reiciendis non hic. Porro omnis sint et.', 'Natus ea numquam iste est eligendi deserunt in repellendus qui et ipsum eveniet molestias vitae sint illum et delectus dolores quia qui sed aspernatur commodi aperiam sequi reiciendis quas dolores cupiditate voluptate eaque fugiat adipisci atque sunt maxime et voluptates rerum quis recusandae sint facilis quo minima saepe et quos pariatur expedita culpa harum repellat fugit.', 0, '1978-03-15', '2020-07-22 16:23:31', '2020-07-22 16:23:31', NULL, 29),
	(17, 'Iure reiciendis repellat iure est. Aut doloribus consequuntur et minima accusantium.', 'Nemo eos qui autem molestias perspiciatis corrupti velit molestias mollitia repellat sed quia sit sequi officiis qui dicta autem soluta et eum ipsa sunt in unde et vero deleniti reiciendis facere voluptatem soluta ut tempora neque perferendis ut ad provident ex ab odio sit facere officia dolor omnis natus temporibus qui nisi.', 1, '1996-07-04', '2020-07-22 16:23:31', '2020-07-22 16:23:31', NULL, 32),
	(18, 'Ipsa est consequatur minus beatae. Quos ullam corrupti et nihil tenetur ut doloremque.', 'Maiores libero pariatur sit cupiditate repudiandae maiores pariatur blanditiis eum repellendus odio unde sit illum cum consequatur ad autem est nulla non sunt voluptate iure voluptatem repellat doloremque rerum molestiae iure error deleniti numquam eum eos voluptates libero soluta facilis est eos ad in unde cumque.', 1, '1999-02-02', '2020-07-22 16:23:31', '2020-07-22 16:23:31', NULL, 11),
	(19, 'Dignissimos voluptas ipsum veniam aut. Quia sed cumque a natus occaecati.', 'Reiciendis sit facere alias harum culpa animi reprehenderit rerum quia dolores enim magni dolore et corrupti eveniet quis adipisci qui a inventore tenetur quidem corporis quis quas assumenda sit dolorum veniam libero natus aut enim ut totam et quibusdam unde delectus perspiciatis corporis ut asperiores quia nihil vel qui qui commodi error vero distinctio nesciunt consequatur aliquam vel qui fugit ea ipsum nemo accusamus reprehenderit.', 2, '2002-10-01', '2020-07-22 16:23:31', '2020-07-22 16:23:31', NULL, 19),
	(20, 'Nam ab voluptates qui tempore. Molestias pariatur quia vel nesciunt nemo.', 'Ipsum ad ex autem praesentium cumque vero illum doloremque dolorum illum iure quasi sit atque omnis tenetur iste praesentium accusamus suscipit dolorum odit omnis ea dicta inventore commodi dolorem laudantium magni qui fugit dignissimos et non consequatur qui assumenda corporis quibusdam at et est sunt velit veniam qui vitae dolore dolores illum enim reiciendis vitae corporis dolor quo eum.', 2, '1976-11-04', '2020-07-22 16:23:31', '2020-07-22 16:23:31', NULL, 12),
	(21, 'Dolorem ipsum beatae aliquam similique ut. Libero non omnis quam quo commodi aliquid molestiae.', 'Quisquam est est omnis recusandae magnam officiis vel veritatis cum eos quos nisi quos eveniet maiores molestiae et id quod sit odio natus illo natus et cumque omnis eaque odio eius saepe dolorem quas dolorem corrupti quo laborum similique ut dolor aspernatur qui aut reiciendis alias.', 1, '2017-12-31', '2020-07-22 16:23:31', '2020-07-22 16:23:31', NULL, 1),
	(22, 'Officia nihil quos illo et similique. Neque itaque sed illum libero. Velit quia quisquam culpa.', 'Tempore nobis harum consequuntur est et inventore quia rerum harum qui quae placeat qui fugit assumenda ducimus dicta vitae asperiores id aspernatur quos architecto voluptates est rem voluptas ea quidem et totam delectus non temporibus quidem modi porro necessitatibus aliquid sed voluptatum dolorem expedita ullam quidem temporibus quis laborum quia voluptatum voluptatem nesciunt error quisquam quia quod ratione dolorem ex.', 2, '2002-04-26', '2020-07-22 16:23:31', '2020-07-22 16:23:31', NULL, 25),
	(23, 'Beatae harum laudantium in modi. Officiis rem fuga dolore voluptatum.', 'Corrupti deserunt dolor nostrum ea voluptatem ab molestiae neque suscipit quam non et id modi similique delectus sequi et earum labore quasi inventore et perspiciatis sit beatae est est doloribus nobis qui commodi possimus occaecati molestias et quos et quis maxime qui officia consequatur sapiente quibusdam voluptatem et ut quia facilis modi adipisci ut vero mollitia sit occaecati laudantium.', 2, '2006-06-21', '2020-07-22 16:23:31', '2020-07-22 16:23:31', NULL, 25),
	(24, 'Est dolores quis sed nulla. Temporibus voluptas quia est ea. Vitae facere aut reiciendis nostrum.', 'Sint praesentium ullam harum amet autem ipsa enim omnis fuga porro voluptatem quia sed vero maiores minus est magnam alias aspernatur iusto cumque fugiat corrupti sequi corrupti ea nisi asperiores pariatur et sapiente veritatis porro iure velit ad repellendus in officiis praesentium iste tempore qui cumque aspernatur ea error est tempore magni exercitationem ut nisi laborum doloribus laboriosam minus voluptas quod consequatur nostrum veniam eum quos est hic veritatis.', 2, '1974-12-15', '2020-07-22 16:23:31', '2020-07-22 16:23:31', NULL, 27),
	(25, 'Quisquam omnis nobis placeat sapiente. Officia exercitationem impedit aut.', 'Voluptate tempore dignissimos eius repudiandae quod deleniti consequatur nesciunt dignissimos nisi fuga molestiae libero corrupti at dolores omnis eligendi aut amet illum enim voluptates aut autem rem doloribus ad enim atque quas molestiae tenetur deserunt cupiditate voluptatibus autem perspiciatis non sint autem dolorum rerum aspernatur occaecati doloremque dolorum illum dolorem expedita rerum.', 2, '2004-11-18', '2020-07-22 16:23:31', '2020-07-22 16:23:31', NULL, 24),
	(26, 'Tempore error porro ut dolorum voluptatem nostrum omnis. Facilis et dolorem voluptates unde fugit.', 'Suscipit quia facilis sit cum voluptatem architecto animi rem quidem porro officiis libero ab quae quis voluptas rerum ut illum aut minus modi molestiae laboriosam repellat assumenda quia molestiae rerum et repellat.', 2, '1992-08-22', '2020-07-22 16:23:31', '2020-07-22 16:23:31', NULL, 7),
	(27, 'Id commodi amet nobis sed nihil. Accusantium harum inventore corporis et eum.', 'In et non dolores ad maiores quis maiores quo ea fuga modi doloribus quia ad qui sit quis ut quidem odit nobis veritatis provident veritatis iusto expedita non provident iste excepturi molestias adipisci sequi vitae laudantium sit rem incidunt quia est ut possimus sunt nisi quos et deserunt laudantium amet aspernatur sequi ullam repudiandae et illum dignissimos voluptate.', 1, '1978-08-17', '2020-07-22 16:23:31', '2020-07-22 16:23:31', NULL, 11),
	(28, 'Id vel omnis ullam pariatur totam voluptas. Dolorum tempora eius expedita expedita magnam.', 'Occaecati reprehenderit similique aut sunt commodi ea possimus odit quisquam voluptatum soluta quae mollitia quia sapiente assumenda nihil sunt harum enim iusto repellat ut sunt mollitia et aut sit sunt eveniet et ea et consequatur porro at illum molestiae dolores rem consequatur perferendis eius non quia ut at deleniti mollitia a aut quidem aut inventore dolor sit dolor pariatur odio alias occaecati aut cupiditate aut facere iste sunt sit voluptatum harum.', 1, '1971-12-31', '2020-07-22 16:23:31', '2020-07-22 16:23:31', NULL, 1),
	(29, 'Doloremque repudiandae repellat impedit ratione. Est quia maiores blanditiis veniam cum quaerat.', 'Aliquam non asperiores impedit corrupti incidunt eveniet voluptatum aliquid explicabo voluptas temporibus veritatis id autem autem eaque aut repellat nisi unde corrupti non voluptate aut assumenda quia dolorum consectetur non soluta dolorem pariatur dolorem cum dolor est voluptatem quidem rerum dolores nobis fuga non facilis dolorem sunt impedit eum quas.', 0, '2018-03-28', '2020-07-22 16:23:31', '2020-07-22 16:23:31', NULL, 31),
	(30, 'Alias quia saepe hic perspiciatis vel voluptatem. Aut aspernatur laborum numquam quia.', 'Autem sed perspiciatis molestias perferendis expedita vel nesciunt mollitia aut distinctio sapiente deleniti et facere repudiandae quos magnam facere ratione est ut quis voluptatem nihil esse veniam autem delectus iure laboriosam impedit et excepturi adipisci facilis sit voluptas quo blanditiis veritatis atque quia voluptatum praesentium et neque amet voluptas.', 0, '2007-07-27', '2020-07-22 16:23:31', '2020-07-22 16:23:31', NULL, 18),
	(31, 'Aut et dolores est eos. Culpa molestiae exercitationem minus. Est fugiat a est et quis quia.', 'Dolorum quam in sed ea necessitatibus delectus expedita qui quam sed distinctio quis a et qui in sit modi ipsa est rerum vel non numquam nostrum sed in quidem perferendis repellendus rerum repellendus cupiditate animi aliquam non eligendi qui nesciunt enim non architecto natus voluptatibus voluptatem accusantium minus unde accusamus repudiandae est dolores neque officiis vero ratione cupiditate.', 0, '1980-04-03', '2020-07-22 16:23:31', '2020-07-22 16:23:31', NULL, 38),
	(32, 'Et sunt et nostrum nesciunt inventore. Sequi pariatur quasi ex ea neque pariatur.', 'Quibusdam voluptatem libero unde molestias consequatur provident officiis laboriosam deserunt eaque ut maiores qui fugiat perferendis sit dignissimos non voluptas culpa vel temporibus tenetur explicabo amet saepe ex nobis ad sed necessitatibus sunt rerum ab aspernatur molestiae dolores est et eveniet magnam.', 0, '2005-11-10', '2020-07-22 16:23:31', '2020-07-22 16:23:31', NULL, 40),
	(33, 'Magni nam itaque nihil corrupti dolorem. Ut et et quasi enim sequi et.', 'Dolorum voluptas nostrum occaecati quas sunt quis vel vel atque sit dolores explicabo libero neque omnis qui vel blanditiis officia temporibus quidem et aliquam omnis ratione eum placeat eos deleniti unde tempore itaque accusantium et rerum libero voluptas sed quo doloribus aut animi voluptatem delectus omnis ea culpa sint est autem qui est dolorum velit explicabo sint reprehenderit cumque et consequatur qui ut dolore explicabo.', 0, '1973-11-29', '2020-07-22 16:23:31', '2020-07-22 16:23:31', NULL, 12),
	(34, 'Enim et in excepturi eaque qui. Et dicta perferendis eveniet libero eos autem inventore.', 'Laborum sed aut et laboriosam qui similique et voluptatem voluptas impedit distinctio dolorum eligendi id cumque consequatur alias quas voluptas corporis corporis iste nisi aperiam eos alias cum occaecati hic praesentium dolorem quia tempora eligendi sunt laudantium aspernatur adipisci dolor ratione exercitationem excepturi consequuntur aliquam adipisci rem odio ullam sint.', 2, '2000-01-16', '2020-07-22 16:23:31', '2020-07-22 16:23:31', NULL, 22),
	(35, 'Est sit ducimus dicta voluptatem at occaecati. Sapiente ipsam consequatur atque.', 'Voluptates recusandae aut ut qui modi alias quo consequuntur eaque quis totam a ipsam et voluptatem non ad beatae est similique quas quasi id quia et qui qui aut consequuntur cupiditate laboriosam eaque enim repellendus voluptas est neque possimus quis esse a saepe debitis.', 0, '1984-11-18', '2020-07-22 16:23:32', '2020-07-22 16:23:32', NULL, 13),
	(36, 'Et amet quod illo non. Qui non dicta qui sit dolores.', 'Nobis eos id sed facilis nam omnis aut quo odio exercitationem doloremque doloribus rerum eos odio omnis voluptas laborum at sapiente natus numquam cumque vel expedita ipsa ut labore quaerat quas quo vel unde.', 0, '1982-02-11', '2020-07-22 16:23:32', '2020-07-22 16:23:32', NULL, 11),
	(37, 'Iste sit unde non pariatur nihil. Tempora nam corporis nihil vitae. Consequatur aut vel officia.', 'Ipsa reprehenderit dolorum eum et aliquid in necessitatibus est labore repellendus debitis corrupti sequi ea eum aut saepe et autem cupiditate nisi tempora delectus ipsa et iusto dolores qui impedit qui eos aspernatur voluptate quia tenetur harum culpa quas est quasi dolores modi.', 1, '1990-09-08', '2020-07-22 16:23:32', '2020-07-22 16:23:32', NULL, 26),
	(38, 'Maxime esse fugit quae facilis. Iure et cumque quia architecto.', 'Molestiae iste quis dolore fugiat voluptatem excepturi impedit non inventore et quibusdam laboriosam quidem atque velit reiciendis eius aliquam id corporis assumenda cum nesciunt est illo magnam eum enim id temporibus vel enim qui aperiam.', 2, '2013-09-26', '2020-07-22 16:23:32', '2020-07-22 16:23:32', NULL, 32),
	(39, 'Natus quo ut aut et debitis. Ut neque laudantium in voluptatem. Fugit a omnis veritatis laboriosam.', 'Eos ut ullam reiciendis aut modi quidem rerum molestias sint ut autem iusto aut mollitia itaque iure sint libero repellendus vitae eos qui at natus quis qui ut laboriosam fuga ea et tempore culpa consequatur doloribus aut omnis nihil modi dolores porro neque vero qui illo nihil consequuntur perspiciatis eos et provident illum in aut asperiores ut beatae eaque distinctio a asperiores minus.', 0, '2018-01-27', '2020-07-22 16:23:32', '2020-07-22 16:23:32', NULL, 14),
	(40, 'Ipsa rerum quisquam quis quod consectetur. Eum eveniet possimus harum sed harum corrupti enim.', 'Impedit ut qui laboriosam nam temporibus est voluptatum doloremque dolorem delectus totam laborum maxime natus error facilis laborum fugit facere impedit sit architecto quo omnis exercitationem expedita et sed est molestias ex eum nihil sunt doloremque laboriosam.', 2, '2001-06-11', '2020-07-22 16:23:32', '2020-07-22 16:23:32', NULL, 21),
	(41, 'Explicabo eos non incidunt odit cupiditate. Laboriosam et qui ipsa dolorem. Ut fugit harum qui sed.', 'Exercitationem nemo at laborum omnis eaque magnam nobis dicta voluptatem consectetur rerum voluptatem laborum sunt totam sunt quisquam corporis cum est sint omnis ut commodi delectus similique ex tenetur ab mollitia quae quod ipsam illum molestias in non et qui molestias modi ipsa quasi sapiente aspernatur earum sed nihil vel ut sunt soluta sed.', 1, '1992-08-27', '2020-07-22 16:23:32', '2020-07-22 16:23:32', NULL, 1),
	(42, 'Dolores eum autem porro. Doloremque quo possimus dolore culpa doloribus aliquid fugit repudiandae.', 'Omnis deserunt cumque labore eius totam veniam ducimus odio occaecati debitis dolorum voluptate id laudantium commodi repellat assumenda voluptatem eos reprehenderit eos natus molestias aliquid consequatur et quisquam velit necessitatibus quo nisi laboriosam laudantium occaecati et vitae nihil quod deleniti omnis nobis mollitia amet nobis fuga voluptas vero aliquid eos eligendi ipsa explicabo voluptatem illum.', 0, '1979-12-23', '2020-07-22 16:23:32', '2020-07-22 16:23:32', NULL, 4),
	(43, 'Natus non aut unde culpa. Quo ratione dolore ipsam. Eos non rerum consectetur fugit quae molestiae.', 'Corporis quia dicta exercitationem qui consequatur tempora vero aut et non incidunt non eum et molestiae et repellat non rerum id id qui vero non hic aut ut non corporis modi et vero sit quia distinctio qui consequuntur optio voluptatem voluptatem non et dolorem veritatis id voluptatem molestiae aut tempore autem ea ab alias nobis aut repellat non officiis ducimus blanditiis ullam culpa voluptas molestiae placeat.', 0, '2017-10-20', '2020-07-22 16:23:32', '2020-07-22 16:23:32', NULL, 37),
	(44, 'Quo omnis omnis ipsam distinctio architecto. Est laboriosam dolor adipisci commodi.', 'Beatae et vitae sapiente sint dolorem perspiciatis eaque quia quia qui aliquam facere et ducimus tenetur eum voluptatem ut sit accusantium et nemo dolor sed vel reprehenderit voluptatibus neque ipsum eum ex et doloremque aliquam dolorem quidem enim molestiae cumque voluptatum illum omnis perferendis et dolor fugit est rerum et perspiciatis qui sit sed rem inventore sed earum in quam repellat dolore est.', 1, '2000-12-21', '2020-07-22 16:23:32', '2020-07-22 16:23:32', NULL, 11),
	(45, 'Non qui ipsum quia. Harum aut omnis quidem ipsum sit quo suscipit.', 'Mollitia cupiditate eaque enim voluptate laborum non perferendis incidunt eum deleniti rerum pariatur pariatur culpa est sed a odio ullam cumque quia vero exercitationem nostrum ex reprehenderit quia libero dignissimos possimus.', 1, '1975-03-02', '2020-07-22 16:23:32', '2020-07-22 16:23:32', NULL, 33),
	(46, 'Et qui occaecati porro voluptatibus soluta possimus ut. Deserunt laborum velit fugit aut.', 'Rerum et ullam et odit inventore tenetur rerum officia pariatur ducimus aspernatur eum nihil sit nemo ut delectus placeat quia qui iste delectus suscipit sit explicabo dolores exercitationem non dicta natus ipsam totam qui incidunt blanditiis distinctio cumque eum vero magni iusto dolore qui sint eligendi accusamus atque optio repellat consequuntur ipsum sapiente ea praesentium impedit blanditiis ex sint magni qui non qui qui rem aut qui laudantium.', 0, '1971-04-09', '2020-07-22 16:23:32', '2020-07-22 16:23:32', NULL, 29),
	(47, 'Non voluptate est odio. Voluptatibus error aspernatur voluptatum. Beatae ea expedita omnis.', 'Amet omnis sit fugit ut accusamus ipsum labore vitae ipsum alias ex labore et facilis eius aspernatur odit sed quasi accusamus odio soluta et asperiores cupiditate aut nostrum aspernatur cumque quia ex optio saepe dicta est quis iure modi est delectus provident minima quaerat reiciendis nihil consequatur recusandae vel ea dolores doloremque excepturi in nesciunt aut qui qui qui quasi praesentium.', 0, '2019-02-18', '2020-07-22 16:23:32', '2020-07-22 16:23:32', NULL, 39),
	(48, 'Aspernatur et quo velit. Nemo sint aliquid id ut provident. Expedita voluptas sint necessitatibus.', 'Laboriosam ut possimus recusandae inventore deserunt aut qui aperiam sit et recusandae atque consequatur tempora rem vel atque et hic culpa voluptatem dolorem odio non non aliquid quia neque officiis asperiores mollitia est explicabo maiores odio qui porro non non velit tempore sunt ut consequatur voluptas et ipsam doloribus dolorum inventore animi non occaecati quaerat ullam dolores non quae similique sequi corrupti sequi.', 2, '2018-07-01', '2020-07-22 16:23:32', '2020-07-22 16:23:32', NULL, 13),
	(49, 'Eligendi quasi at quisquam eos sit. Rerum qui odit est.', 'Reprehenderit sapiente maxime id aliquid provident et aut similique excepturi sit deleniti nulla et laboriosam iusto sint quia sed atque quidem perferendis delectus et rerum ipsa quo mollitia eum sit veritatis aut dolores cum perspiciatis qui placeat quis qui neque facere a earum non ea perferendis minus accusamus quaerat et nesciunt non sit dolorem cumque iusto magnam dicta tempore dolor neque et itaque quaerat aspernatur ea eaque illo dolorem.', 1, '2014-08-03', '2020-07-22 16:23:32', '2020-07-22 16:23:32', NULL, 35),
	(50, 'Assumenda debitis reprehenderit veritatis aut. Qui animi vero et qui qui eveniet aperiam itaque.', 'Assumenda eos non sunt sunt dolorem consequatur nemo numquam cumque perferendis quis nam recusandae sint omnis necessitatibus laudantium ab iste ut molestias corporis voluptatibus odit odio et rerum eveniet perferendis rerum est rem culpa officiis aliquam saepe et dolorem aut nam illum repellendus velit fugit cupiditate corporis laboriosam voluptas libero occaecati iusto non repellendus impedit quasi vitae quibusdam quo harum consectetur fugit voluptatem maxime eveniet et veritatis ex delectus ut.', 2, '2010-08-26', '2020-07-22 16:23:32', '2020-07-22 16:23:32', NULL, 3),
	(51, 'Iusto placeat vitae quis officiis rerum sequi. Mollitia explicabo illum nisi.', 'Dolorum blanditiis eaque error libero voluptatibus temporibus officiis aut molestiae enim rem nam consequatur et qui totam illum modi ad sit eos rem non incidunt deleniti debitis ut non velit impedit enim voluptas sint at velit omnis perspiciatis ipsa magnam dolor aliquam autem veniam sint consequatur voluptate quo qui similique illum similique tempore fugiat optio voluptatibus aut vel sequi blanditiis ut.', 1, '1997-01-12', '2020-07-22 16:23:32', '2020-07-22 16:23:32', NULL, 17),
	(52, 'Sequi aut ratione rerum ut velit ex. Consequatur distinctio est et cupiditate.', 'Adipisci aperiam dicta architecto culpa quo quis earum qui vitae assumenda qui sunt sint et praesentium voluptatem fugiat pariatur inventore corrupti reprehenderit aliquid iusto et consectetur ut iste id amet et esse.', 2, '1971-03-30', '2020-07-22 16:23:32', '2020-07-22 16:23:32', NULL, 34),
	(53, 'Veritatis veniam est ut eum. Vitae qui odio ut. Quo ducimus quis explicabo commodi.', 'Officia et nisi earum iste quis molestiae quis omnis rerum consequatur aperiam provident ipsum voluptate nesciunt cumque ad ad reiciendis libero quia dolorum vel tenetur error corporis inventore quia omnis quia adipisci possimus ut similique nihil.', 2, '1991-07-16', '2020-07-22 16:23:32', '2020-07-22 16:23:32', NULL, 10),
	(54, 'Occaecati nisi recusandae assumenda. Possimus ut occaecati ad et et ipsum sit.', 'Et accusantium a illum quibusdam nesciunt sed minus nihil corrupti excepturi expedita omnis voluptas labore mollitia sed tempora accusantium et rerum vel modi et beatae iusto est est officiis beatae deserunt magni cupiditate maiores est rerum hic minima culpa aut tempora quas ipsam eaque quia aut dolor consectetur tenetur nobis harum quasi maxime officiis autem inventore molestiae ut.', 2, '2003-05-26', '2020-07-22 16:23:32', '2020-07-22 16:23:32', NULL, 35),
	(55, 'Et quo aliquam et beatae aliquam. Consequatur eligendi enim dolor odit non consequatur nihil.', 'Omnis et consequuntur iure blanditiis exercitationem ut temporibus ea qui tenetur enim ea nihil consequatur expedita quis laudantium ipsam molestiae eum ut neque sint eveniet tenetur et nam et quo fugiat dolor sint veritatis provident voluptatem et omnis sit est voluptas doloribus quos quia repellendus quibusdam rem est quidem.', 0, '2013-04-26', '2020-07-22 16:23:32', '2020-07-22 16:23:32', NULL, 24),
	(56, 'Explicabo ab ex commodi non molestiae vel culpa consectetur. Veritatis quo nihil beatae veniam.', 'Labore dolores consequuntur est aperiam sapiente sed non vitae voluptatem maxime laboriosam dolorem unde labore velit amet dignissimos repellendus aut sequi molestias quibusdam nesciunt incidunt harum eius veritatis et nobis quos aut minima sed necessitatibus veritatis tenetur laborum magni voluptas voluptas sed eum saepe quis earum quasi officia.', 1, '1984-07-18', '2020-07-22 16:23:32', '2020-07-22 16:23:32', NULL, 16),
	(57, 'Delectus et a magni. In harum veritatis architecto nihil sunt. Aliquam minima consequatur aliquid.', 'Quaerat necessitatibus impedit aperiam reiciendis laudantium amet aliquam vitae officiis iure maxime praesentium voluptatem fugiat sit ad aut non sint ratione qui qui consequatur labore qui ut aut possimus ut voluptatem voluptate nam quisquam vero repellendus quia neque ipsam consequatur eos dolores ea nostrum recusandae sed odit nihil voluptas nostrum reprehenderit voluptatem rerum reprehenderit ut aut dolores temporibus non non inventore dolores est eos necessitatibus nobis incidunt vero perferendis fuga omnis.', 0, '2014-10-23', '2020-07-22 16:23:32', '2020-07-22 16:23:32', NULL, 24),
	(58, 'Accusamus error nisi dolorem eaque totam quos. Ipsa saepe dolore consequatur harum exercitationem.', 'Eaque et est explicabo voluptatum facere voluptatem optio reiciendis exercitationem tempore maiores dolorem fugit dolorem et accusamus laborum aut sit nobis officia molestiae ipsa deleniti hic minus incidunt mollitia et voluptatum et veritatis ad expedita dolore qui quae quia blanditiis quas beatae earum iusto libero aut.', 0, '2000-10-21', '2020-07-22 16:23:32', '2020-07-22 16:23:32', NULL, 4),
	(59, 'Consectetur qui nisi ea fugit. Quas voluptas tempora illo dolor. Aliquid eius ut maiores cum.', 'Numquam omnis quia ea velit omnis magnam similique quo placeat aliquid sit perferendis quaerat commodi dolor qui perspiciatis et eligendi et sequi excepturi illo similique quia qui vitae laudantium rerum velit fuga dolorem ullam asperiores quia atque est molestias dolores reiciendis ut accusantium ut autem qui laudantium qui maiores aut nulla repellendus qui id commodi quis enim optio necessitatibus vel libero doloremque.', 0, '1985-05-31', '2020-07-22 16:23:33', '2020-07-22 16:23:33', NULL, 7),
	(60, 'Quibusdam culpa excepturi quo magnam culpa culpa et qui. Nemo nihil asperiores ut odio error nihil.', 'Et eum saepe nihil aut incidunt est facilis quia voluptas perferendis sit sapiente aperiam facere molestiae modi omnis fuga distinctio voluptatem pariatur et consequatur magnam officiis voluptatem repudiandae repellendus est debitis totam illo unde nemo beatae harum alias reprehenderit et eos sapiente veniam enim non nulla ea animi quasi consequatur veritatis qui eos quia et.', 0, '2001-05-08', '2020-07-22 16:23:33', '2020-07-22 16:23:33', NULL, 33),
	(61, 'Reprehenderit repudiandae ut aliquid sed perferendis. Dolores in et unde ut iusto nihil.', 'Dolorem soluta a voluptatem incidunt iste dolorem sit autem quibusdam saepe doloribus est sint amet rerum accusantium et eaque facere veniam error iure quis aut ipsam amet cupiditate dolores in soluta aliquid veniam adipisci cupiditate repellat debitis placeat pariatur repellendus accusamus quis quibusdam ut magni perferendis commodi dolores consequuntur aut in quia aut deserunt.', 1, '1992-07-31', '2020-07-22 16:23:33', '2020-07-22 16:23:33', NULL, 12),
	(62, 'Odio dolorem et enim dolore harum ut qui. Eaque qui assumenda molestiae rerum voluptas amet autem.', 'Animi et sit ullam nobis occaecati ut quibusdam ducimus veritatis enim molestiae est ex veritatis non voluptatibus delectus dolorem veritatis accusamus qui qui aut explicabo soluta libero recusandae cupiditate iure dolorem alias dolorum repellat in quibusdam impedit dolores hic repellat et molestias voluptatum et fugiat excepturi alias quas possimus deserunt consectetur voluptates fuga facere.', 0, '2020-01-27', '2020-07-22 16:23:33', '2020-07-22 16:23:33', NULL, 15),
	(63, 'Voluptas aut aliquid et. Voluptatem suscipit dicta voluptatem.', 'Id repellat eligendi dicta quasi sint quo pariatur distinctio nihil explicabo temporibus reiciendis magnam odit aut cum est nostrum dolorem animi odio fugiat voluptatem repudiandae debitis dolores cum neque illum eveniet hic nesciunt sint quaerat ut cupiditate quia expedita expedita ut voluptates omnis voluptates voluptatem enim a amet temporibus nemo et quo modi dignissimos veritatis temporibus et aliquid quo id et recusandae.', 0, '1970-04-14', '2020-07-22 16:23:33', '2020-07-22 16:23:33', NULL, 31),
	(64, 'Sint inventore veniam saepe tempore ut qui. Natus incidunt possimus perspiciatis dolores dolores.', 'Itaque enim iure eum autem sed pariatur cum voluptatem illum deleniti itaque est perspiciatis iste quam necessitatibus ipsam quis sequi laboriosam asperiores non fuga voluptatem et dolorem dolor asperiores temporibus ut voluptates commodi voluptatibus dicta enim beatae consequuntur voluptatem corrupti rem aliquid laborum id non quaerat sunt aliquid vero animi impedit fuga voluptatum qui laboriosam ipsam repellat in enim perferendis voluptatum explicabo quia repudiandae fuga officia voluptatibus.', 0, '1996-07-08', '2020-07-22 16:23:33', '2020-07-22 16:23:33', NULL, 29),
	(65, 'Nostrum ea ipsam expedita est. Exercitationem quis veniam qui.', 'Eum sapiente quia veniam sequi qui quia voluptates repellendus vero voluptatem enim quaerat aliquid nihil officia porro deserunt est vel laboriosam distinctio eos porro necessitatibus adipisci rerum officiis velit in eveniet enim reiciendis illo libero est occaecati quia nisi repellendus consequuntur qui nisi illum consequatur odio voluptatum.', 1, '1971-12-24', '2020-07-22 16:23:33', '2020-07-22 16:23:33', NULL, 4),
	(66, 'Repellat amet quae qui est quaerat est totam. Ab fugiat soluta iure quidem rerum fuga.', 'Autem sint non in aspernatur qui ipsam quisquam sed nihil et et quae ipsam possimus consectetur error dolore sunt necessitatibus eveniet consequatur illum commodi nemo est iusto quo consequatur aliquam sed maxime nulla reprehenderit non voluptatem eos iusto maxime ex impedit excepturi debitis ex deserunt explicabo minima earum eum voluptatum est sit laudantium dolores quasi facilis explicabo quas magnam dolor eos soluta dolore et quae ut.', 1, '1987-01-12', '2020-07-22 16:23:33', '2020-07-22 16:23:33', NULL, 25),
	(67, 'Quibusdam quo alias aut inventore maxime maiores vel. Nam quia quasi nostrum possimus id optio.', 'Velit consequatur eaque debitis consequatur quas aut quisquam harum soluta omnis repellat sit commodi exercitationem voluptatum esse vel voluptas dolores voluptate blanditiis ratione facere quia pariatur architecto est molestiae velit dignissimos reprehenderit commodi rerum vero consequatur architecto laborum adipisci facere est molestiae ullam aut ea occaecati explicabo et exercitationem veniam quo nam facere enim voluptatum iste dolor sed velit et.', 0, '1988-09-15', '2020-07-22 16:23:33', '2020-07-22 16:23:33', NULL, 7),
	(68, 'Non debitis et in cumque non sint quis. Consequatur ea qui sit earum voluptas voluptas magnam.', 'Eaque recusandae hic voluptatem recusandae aut expedita deleniti qui modi aut nisi tenetur architecto minima dolore quos et voluptas reprehenderit et quia qui officiis quia omnis amet tempora suscipit vel id neque accusamus quam rem sint nostrum quasi omnis perspiciatis aut molestias culpa qui rem culpa blanditiis maiores sit quod.', 1, '1974-06-26', '2020-07-22 16:23:33', '2020-07-22 16:23:33', NULL, 39),
	(69, 'Facere adipisci delectus velit magnam. Perferendis veniam nam consectetur tempora ea atque.', 'Omnis est dolor enim consequuntur doloribus minima dolores nostrum maiores fuga reprehenderit fugiat culpa ex nihil eveniet labore mollitia provident minus voluptate ducimus nemo ipsum omnis vitae iusto dolore laborum qui alias cumque qui beatae eveniet quisquam nam perferendis eligendi deleniti vero tempora accusantium in quia beatae ex voluptas.', 2, '1998-09-01', '2020-07-22 16:23:33', '2020-07-22 16:23:33', NULL, 8),
	(70, 'Repellat animi esse modi. Dolor hic sunt et ea. Consequatur dicta dolorem dolor.', 'Sequi error vel occaecati voluptas voluptates asperiores soluta tenetur omnis ut illum ex nobis quisquam voluptates excepturi magnam sed doloribus minus aut sapiente voluptatem laudantium veniam optio sed perspiciatis earum qui sed aspernatur voluptatem minima tempore libero explicabo modi consequatur non temporibus repudiandae dolores quisquam necessitatibus molestiae voluptas labore labore veritatis voluptatum qui sed fuga reiciendis animi tempore et voluptatem esse consequatur et quaerat est tempora.', 1, '1983-03-16', '2020-07-22 16:23:33', '2020-07-22 16:23:33', NULL, 8),
	(71, 'Sit illo quod quis quia et consequatur. Ex aut similique vel est eos aut neque.', 'Sequi nulla culpa reiciendis et hic nemo minus laborum qui sed quo veritatis maiores rerum nihil et velit autem sit id velit neque quia molestias accusantium voluptas eum voluptatibus accusamus id aut eligendi magnam perferendis est omnis dolorem ab soluta voluptas quia repellendus ut a eos temporibus incidunt illum ea qui id error deserunt qui est veniam vel.', 0, '1996-09-29', '2020-07-22 16:23:33', '2020-07-22 16:23:33', NULL, 31),
	(72, 'Voluptates delectus adipisci quo quam nemo. Quae sint beatae similique quam nostrum.', 'Velit labore omnis eius et maxime laudantium magni ut voluptatem aut magni omnis laborum exercitationem ut iusto modi commodi est nihil possimus ex repellat deleniti possimus neque alias repudiandae sint quia alias sint similique vel odio dolore ea minima sit ad optio et deserunt sed consequatur voluptatem exercitationem nulla debitis nulla vero rerum dignissimos veritatis ratione enim nisi exercitationem ut.', 1, '2006-02-20', '2020-07-22 16:23:33', '2020-07-22 16:23:33', NULL, 34),
	(73, 'Quo voluptatum quibusdam debitis occaecati. In maxime ut saepe. Qui cum vitae possimus.', 'Dolor minus assumenda adipisci consequatur repudiandae animi architecto voluptas quis qui consequatur voluptatibus iure nam quisquam dolor cumque et natus voluptas itaque nostrum error dolor dolores quaerat dolor qui doloremque voluptatibus dolores consequatur.', 2, '2002-01-30', '2020-07-22 16:23:33', '2020-07-22 16:23:33', NULL, 18),
	(74, 'Aut et animi et est impedit illo. Est ut velit vel consequatur.', 'Consequatur tempore magni voluptas itaque dolorem eos voluptatem laborum aliquam dolor et mollitia iste quae ut non modi nemo sed iusto provident rerum aut dolor ducimus doloremque recusandae unde modi cum in quae atque voluptas non molestiae fugit est rem aut reiciendis est labore.', 0, '2000-08-08', '2020-07-22 16:23:33', '2020-07-22 16:23:33', NULL, 3),
	(75, 'Culpa quo dolores dolorem. Odio facilis omnis rem aliquid dolor ut molestias.', 'Nam quisquam dolores tempore expedita dolorum quis minus tempora quia dolores dolorum dolorem nostrum voluptatibus beatae fugiat deserunt rerum minima dolorum quia eligendi neque voluptates cumque velit nam perspiciatis inventore sed sint culpa eum.', 1, '1996-06-05', '2020-07-22 16:23:33', '2020-07-22 16:23:33', NULL, 21),
	(76, 'Error tenetur fugiat ut est ut consequatur temporibus. Sed quod officiis suscipit totam.', 'Delectus ducimus soluta voluptatum consequatur repudiandae beatae molestiae eum ea est eos assumenda odit omnis qui saepe sit modi deserunt ut sequi quos rerum voluptatem quis consequuntur quod eos tenetur et non.', 1, '1989-06-28', '2020-07-22 16:23:33', '2020-07-22 16:23:33', NULL, 21),
	(77, 'Ipsum esse in quis dicta sunt autem veniam. Omnis nam et doloremque dolores.', 'Velit sapiente consequuntur dicta laboriosam voluptatem consequuntur atque reprehenderit sit vitae illum delectus debitis et error qui nihil necessitatibus voluptate nulla adipisci quia consequatur odit unde incidunt asperiores repellat non rerum velit cum dignissimos quia cum vel nam ratione qui et et.', 0, '2007-01-09', '2020-07-22 16:23:33', '2020-07-22 16:23:33', NULL, 26),
	(78, 'Inventore ut culpa similique accusamus. Rerum sed necessitatibus doloremque. Nihil ullam quas et.', 'Architecto neque beatae minus provident possimus iusto iste tempore dolor harum repellat sint nulla at nihil cumque veniam et sed suscipit rerum illo consequatur necessitatibus voluptatem repellat esse ut modi ab porro est saepe labore debitis aliquid voluptates in nobis dolorum voluptatem et nobis.', 1, '2009-06-24', '2020-07-22 16:23:33', '2020-07-22 16:23:33', NULL, 8),
	(79, 'Omnis nobis mollitia quo reprehenderit qui ratione. Sed quod sit nesciunt dolor omnis.', 'Dolor voluptatem inventore dolore iusto aliquid fuga minus maxime vel saepe nam expedita laborum blanditiis sint distinctio odio nobis voluptatem animi impedit distinctio temporibus tempora repellat repellendus ratione aut libero tenetur totam mollitia ullam omnis ex ex est qui deserunt ut doloribus in voluptas saepe ab vero officia libero quod et quasi libero sed voluptas in et distinctio esse.', 2, '1970-04-29', '2020-07-22 16:23:33', '2020-07-22 16:23:33', NULL, 13),
	(80, 'Voluptatibus vero eius laboriosam. Quo assumenda cum magnam et. Ut sunt occaecati veniam in.', 'Est nesciunt voluptas eos architecto error id perferendis doloribus rem dolorem ex perspiciatis omnis autem accusamus sequi nemo sit quas qui ducimus optio id eos et voluptatibus corrupti illum exercitationem aut velit praesentium hic non facere minima et quidem qui qui ullam temporibus occaecati accusamus iste repellat.', 0, '2018-12-29', '2020-07-22 16:23:33', '2020-07-22 16:23:33', NULL, 34),
	(81, 'Consequuntur sunt aut in ea. Unde aperiam aperiam quam.', 'Quis perferendis quis qui dolorem id consequuntur harum minus blanditiis nihil laboriosam fugit vel dolore omnis voluptatem quo et et laborum ut et et quia libero eos et harum dolore dolor eligendi quos quia fugit in iusto est cupiditate harum facilis velit voluptatibus deserunt quia autem numquam dolore quos.', 1, '1994-10-24', '2020-07-22 16:23:33', '2020-07-22 16:23:33', NULL, 37),
	(82, 'Dolores ab sint sit excepturi. Non officiis molestiae non amet vero quasi.', 'Ex omnis a id rem atque nisi tempore doloribus quo dolores beatae et labore expedita atque sunt aperiam eum at vero labore ipsa praesentium iste qui rerum magnam totam cum laborum consequuntur sunt et eaque laborum et eaque id eaque dolor accusamus suscipit porro in quae saepe voluptas eveniet iure sint sit voluptates facere eum numquam possimus nostrum quos natus est autem fuga illo impedit aut.', 1, '1971-12-22', '2020-07-22 16:23:33', '2020-07-22 16:23:33', NULL, 8),
	(83, 'Voluptatem sunt est accusantium sed. Consequatur sed eos magnam vel labore.', 'Quo dolores facilis perspiciatis magnam in et voluptas eveniet voluptatem nemo aliquam praesentium doloribus natus veniam non adipisci sunt rerum ipsa voluptatibus et voluptatem voluptatem eaque aliquam molestiae provident nobis quas et in culpa et quia est rerum rerum et aut voluptates qui nihil reprehenderit modi rerum ea eum voluptatum aut consequatur veniam doloremque.', 2, '2009-12-30', '2020-07-22 16:23:33', '2020-07-22 16:23:33', NULL, 5),
	(84, 'Illum officia eaque nam. Consequatur libero laborum quia reiciendis.', 'Non deserunt quam ipsa rem placeat ducimus est deleniti consequatur mollitia fugit nisi perspiciatis aut eius et et esse fuga recusandae molestias dolores laudantium fugiat omnis accusantium aliquid vitae blanditiis odit delectus ea.', 2, '2014-07-08', '2020-07-22 16:23:33', '2020-07-22 16:23:33', NULL, 13),
	(85, 'Architecto impedit qui sunt ullam libero ea ipsum voluptatem. Aut in aperiam saepe sint fugit.', 'Dolorem autem sapiente sit consequatur et in molestias impedit occaecati enim in qui voluptatem rerum enim neque repudiandae ut minus eveniet cumque quos laboriosam dolorum qui dolorem dolores incidunt amet vel dolores fugit non quibusdam rerum consequuntur voluptate aliquid voluptatem ad a veniam sapiente possimus totam qui consectetur facilis animi ut consequatur est odio repudiandae vero recusandae dolorem labore neque quod ad et consequatur qui aut tempora sint veniam ab.', 2, '1974-08-30', '2020-07-22 16:23:33', '2020-07-22 16:23:33', NULL, 2),
	(86, 'Aut facere dolorum hic velit. Ut velit qui illo ut. Totam suscipit in iure error corrupti.', 'Voluptates vero eaque quia et occaecati aut voluptatem ut nulla accusantium soluta voluptas ab minus aut in provident quia eligendi voluptatem doloribus quas optio eius qui ut aut accusantium et repellat praesentium quae et itaque et velit saepe.', 2, '1994-10-04', '2020-07-22 16:23:33', '2020-07-22 16:23:33', NULL, 22),
	(87, 'Numquam et ea neque atque repudiandae sequi rerum. At voluptate ut veniam nulla dicta.', 'Qui in voluptatem ipsum veniam minima molestiae suscipit nesciunt rerum illo dolorum a porro corrupti et cum porro quis omnis maxime molestiae aut tenetur officiis laborum neque veniam ea iusto totam rerum aut aperiam voluptatum voluptatem ipsa fuga sit molestiae maiores quisquam qui quos id itaque in id dignissimos at.', 0, '2002-11-26', '2020-07-22 16:23:33', '2020-07-22 16:23:33', NULL, 15),
	(88, 'Laborum molestiae et expedita quibusdam. Eos corrupti consequuntur molestias.', 'Voluptatem aliquam alias officiis nisi amet eius aut quia reiciendis voluptatem autem fuga recusandae qui aspernatur tempore suscipit quod atque vero laudantium incidunt qui sed minus eos aut et deleniti nostrum dignissimos eos possimus.', 2, '2015-05-31', '2020-07-22 16:23:33', '2020-07-22 16:23:33', NULL, 26),
	(89, 'Dignissimos molestias cupiditate necessitatibus ut. Et nihil odit vero sunt est occaecati laborum.', 'Deserunt harum cumque et quia in eius nihil voluptatem voluptatibus aliquam laudantium quia voluptatem sed autem temporibus ad voluptas sequi harum maxime quam suscipit repellat officiis nam illum non provident adipisci aut eveniet impedit quam aut voluptas consequatur dolores quasi neque omnis accusamus atque ut accusamus et voluptas non aliquam maxime.', 1, '1980-08-08', '2020-07-22 16:23:33', '2020-07-22 16:23:33', NULL, 22),
	(90, 'Quibusdam fuga et soluta et totam et doloremque. Odio ab consequatur ea voluptas.', 'Suscipit ea praesentium ea id eum repudiandae sapiente animi pariatur quo quo explicabo sunt magni ab sequi assumenda adipisci illo maxime et et possimus omnis officiis corrupti repellat omnis qui quia ea officia consectetur cum vel nulla.', 0, '2004-07-05', '2020-07-22 16:23:33', '2020-07-22 16:23:33', NULL, 3),
	(91, 'Nostrum atque ipsa alias doloribus. Facilis dolores soluta numquam dolore occaecati.', 'Velit qui animi architecto cupiditate enim et animi et vero tenetur provident est ut consequatur qui laudantium et voluptates voluptas quam qui quis magni eius nisi sed repellat ut quod id sed minima omnis tenetur totam aspernatur culpa blanditiis aut quam culpa vel voluptatem facere repellendus saepe ea quia qui vel perspiciatis est.', 1, '1976-03-15', '2020-07-22 16:23:34', '2020-07-22 16:23:34', NULL, 40),
	(92, 'Autem et quia impedit et praesentium architecto. Eligendi quia quidem qui libero dolor ipsum iure.', 'Ad id ipsa voluptatum quisquam ut assumenda fuga sed qui perspiciatis dicta quo reprehenderit animi dolorem quis quia impedit aut a quia facilis adipisci non consequatur aliquid sequi cupiditate iste quibusdam rerum quia quaerat neque voluptates dicta sit illo odit natus molestiae ullam a enim velit quos itaque sit tempore alias numquam necessitatibus qui totam est dignissimos tenetur et ab officia expedita qui.', 1, '1970-10-13', '2020-07-22 16:23:34', '2020-07-22 16:23:34', NULL, 33),
	(93, 'Eum qui quos fugit. Aut eligendi illo voluptates ullam.', 'Voluptas qui neque tenetur enim ullam ut alias iste non iste quod voluptates minus inventore dolorem iusto consequatur harum iusto atque ea qui at adipisci molestiae non aut aspernatur blanditiis facilis eaque assumenda consequuntur molestiae quidem commodi voluptas nobis in illum explicabo in vero vel alias quibusdam.', 1, '1997-01-20', '2020-07-22 16:23:34', '2020-07-22 16:23:34', NULL, 9),
	(94, 'Eaque iure dolor alias. Ut quas ab ea quia dolor eum quas impedit.', 'Omnis aut harum et perferendis in voluptatibus magni molestiae id magnam maiores assumenda pariatur in dolorem rerum occaecati sed sit vero qui magni eaque laudantium vel repellat rem non explicabo voluptate quod impedit corporis quae est commodi illo et et eius tenetur sequi ab animi quidem consequatur voluptatem sapiente itaque veritatis similique dolorem ad alias quia.', 1, '1997-05-18', '2020-07-22 16:23:34', '2020-07-22 16:23:34', NULL, 11),
	(95, 'Qui quis dolor quaerat aut. Officia et et delectus quaerat nobis. Ullam neque accusantium alias.', 'Distinctio velit sed repudiandae facere vel id praesentium molestias ut aspernatur adipisci molestiae quia aut ut est enim possimus ipsum debitis consequuntur dicta qui voluptatibus est natus autem ut est quia molestiae aut.', 1, '1997-07-29', '2020-07-22 16:23:34', '2020-07-22 16:23:34', NULL, 26),
	(96, 'Vel eaque ut illo non. Omnis enim deserunt aut eaque. Quos fuga provident molestiae amet.', 'Neque adipisci reiciendis dolorem sunt velit id qui quis voluptas alias illum ipsum ullam vel eum omnis et impedit nam ea incidunt ut eveniet quis voluptatem nulla ab ratione consequatur dolorem minima et.', 0, '2008-12-17', '2020-07-22 16:23:34', '2020-07-22 16:23:34', NULL, 15),
	(97, 'Et distinctio quisquam in. Quis fugiat nihil qui eum et molestiae.', 'Expedita possimus iure aut porro facilis ullam in fugit corporis veritatis ducimus ut dolor consequatur deleniti voluptas incidunt voluptatum et culpa maxime exercitationem iusto corporis porro autem repellendus odit error et consequatur sit laborum debitis nihil quis suscipit ipsam ipsum porro eum repellendus architecto.', 0, '1980-04-09', '2020-07-22 16:23:34', '2020-07-22 16:23:34', NULL, 29),
	(98, 'Sequi sint at pariatur minus. Cum non voluptatem omnis fugit. Ad molestias id occaecati.', 'Perferendis ipsum non quis aliquam nesciunt nam eos porro et autem perferendis totam non voluptatem qui omnis voluptatum nihil maiores omnis nostrum expedita temporibus mollitia eius odio omnis placeat aut numquam similique explicabo voluptatem est iste deserunt rerum qui id sint dolore soluta mollitia illum harum explicabo inventore voluptatem aut est aut asperiores.', 2, '2001-03-31', '2020-07-22 16:23:34', '2020-07-22 16:23:34', NULL, 37),
	(99, 'Officia sequi et repellat. Assumenda quam omnis debitis aut sit.', 'Illum qui vel non itaque commodi aut et est reprehenderit nesciunt ad unde quam aliquid corrupti sit excepturi veritatis ipsa doloremque magni nam quos repellat blanditiis repudiandae et corporis corporis voluptas et et architecto qui quo nam fugiat adipisci ipsam similique sit iure qui quae consequatur reprehenderit accusantium ullam accusantium vel cupiditate laborum ex totam sapiente natus accusantium et exercitationem et similique eius nemo voluptatum mollitia optio quo.', 1, '2001-06-10', '2020-07-22 16:23:34', '2020-07-22 16:23:34', NULL, 10),
	(100, 'Fugit dignissimos minus cum cupiditate et. Omnis et quo voluptatum doloremque. Rem nam impedit aut.', 'Voluptas consequatur in aut praesentium eos laborum laborum corporis nihil iusto aperiam molestias voluptas nisi sunt aliquid amet hic quam est quos iure magni reiciendis esse cupiditate dolor sunt eius voluptates ducimus doloremque eos velit enim et eius dolorem est quidem animi assumenda itaque sint voluptas et repellendus est cum eum voluptatibus ducimus omnis fugiat molestiae dolorum qui ut quibusdam corrupti.', 1, '1975-09-05', '2020-07-22 16:23:34', '2020-07-22 16:23:34', NULL, 1),
	(101, 'Rerum quia eius voluptates aut et. Sint ut dolores vel. Id libero voluptatum ullam sed earum qui.', 'Aut exercitationem asperiores error est ut esse ad officiis qui saepe neque quis saepe esse fugit ut sit odio ab qui et quas occaecati vel minus quia dolores totam veritatis aliquid illum eum quia quia in aspernatur fugiat dignissimos placeat eveniet incidunt porro sunt aperiam.', 1, '2007-05-05', '2020-07-22 16:23:34', '2020-07-22 16:23:34', NULL, 30),
	(102, 'Ipsam ut corrupti similique odio. Ducimus illo velit fuga aliquid.', 'Quos qui fugiat dolores reprehenderit non beatae minus qui voluptatem unde cupiditate laudantium blanditiis ut enim odit autem voluptatem sunt tempora similique eligendi eum aut quo nostrum provident inventore eligendi qui earum porro eligendi fuga assumenda consequatur veritatis ad voluptatem voluptatem omnis odio nisi quod quis temporibus error et cum nostrum repellendus.', 0, '1971-01-22', '2020-07-22 16:23:34', '2020-07-22 16:23:34', NULL, 28),
	(103, 'Odio consequatur et saepe deserunt. Autem molestias vel sit et nisi ut.', 'Perspiciatis neque et molestias eligendi ea suscipit explicabo magnam facilis explicabo est blanditiis alias tempore dolore beatae perspiciatis ut qui rerum soluta qui ut libero nihil sint voluptatem placeat et nisi est voluptatum aut fuga voluptatibus autem quo odit impedit ut vero occaecati illo porro id id cupiditate molestiae nesciunt vero accusantium et accusantium quas quo consequatur architecto distinctio eos nihil illum est ea.', 0, '2003-03-11', '2020-07-22 16:23:34', '2020-07-22 16:23:34', NULL, 9),
	(104, 'Et aut aut perspiciatis aliquid commodi. Enim et voluptatem quos velit. Velit in qui libero non.', 'Iusto consequatur vero illum incidunt est quaerat soluta consectetur cum animi itaque ab reprehenderit quis recusandae excepturi est rerum aspernatur placeat repellendus quis officiis ducimus quas quaerat suscipit placeat quis ut temporibus autem quia laudantium quidem commodi soluta hic.', 2, '2000-12-07', '2020-07-22 16:23:34', '2020-07-22 16:23:34', NULL, 32),
	(105, 'Dolor eaque ipsa quo vitae aut. Qui iure error optio velit consequatur. Et rerum quia dolorum.', 'Corrupti illo quas eaque at deserunt voluptatem quia quia animi numquam aut dolor temporibus animi inventore nam esse asperiores temporibus quasi eligendi deleniti occaecati distinctio sunt debitis dolor possimus ut voluptate nemo nesciunt ex autem rerum vel ipsa officia adipisci magni quis quia quia totam iusto consequatur quasi alias ullam fugiat error at magni accusantium aperiam.', 0, '1985-01-03', '2020-07-22 16:23:34', '2020-07-22 16:23:34', NULL, 28),
	(106, 'Quo architecto sed atque vitae. Eveniet unde omnis officia consequatur.', 'Non provident voluptate non tempora facilis repellendus qui iure ut enim molestiae porro nulla quae ut fugit eius quia ab aperiam et eius earum occaecati non quidem totam optio et omnis praesentium aperiam temporibus minus et delectus.', 2, '1994-02-17', '2020-07-22 16:23:34', '2020-07-22 16:23:34', NULL, 16),
	(107, 'Iste sed repellendus totam molestias eum. A placeat et qui vero et a dolores.', 'Itaque rerum explicabo modi est quam non perspiciatis nisi delectus architecto consequatur nesciunt dolorem a labore placeat quo natus doloribus nihil aspernatur sit quis quia vero recusandae ipsa fugit illo consequatur adipisci adipisci dolore dolor ut.', 2, '1997-12-06', '2020-07-22 16:23:34', '2020-07-22 16:23:34', NULL, 20),
	(108, 'Aut ex quia voluptatum. Blanditiis similique rerum repudiandae. Et mollitia quo est voluptates et.', 'Et vitae vel qui ut veniam est sed quasi repudiandae sit labore dolor velit id autem omnis repellendus numquam molestiae quasi nostrum cupiditate rerum dignissimos eum fuga aut molestiae voluptas minus dolores delectus est pariatur dolore maiores quis distinctio sed quo numquam eos reiciendis doloremque atque delectus nemo sunt a provident quia nihil.', 1, '2008-12-02', '2020-07-22 16:23:34', '2020-07-22 16:23:34', NULL, 4),
	(109, 'Quam rerum eum voluptatum qui et amet. Voluptas voluptatem officia quo quas.', 'Necessitatibus magnam laboriosam pariatur aut voluptatem minus recusandae molestiae delectus at ut omnis cupiditate qui labore vero et et officia quaerat vero voluptatem qui sit animi exercitationem iste et blanditiis voluptas omnis sed sunt quis et eligendi qui dignissimos modi consequatur totam aut ad vel quae corporis.', 0, '1995-10-21', '2020-07-22 16:23:34', '2020-07-22 16:23:34', NULL, 17),
	(110, 'Qui assumenda nam sapiente consequatur ea. Accusamus aut cum in. Enim in aut officiis eaque.', 'Officiis sint similique aut harum corporis sit natus omnis non voluptates autem reiciendis libero sequi aut est perferendis officiis exercitationem est consequatur impedit est nulla quis nobis vel quia eos sint suscipit quia voluptatibus quo tempora pariatur officia eum totam earum iste minus quo ipsam.', 2, '2012-02-12', '2020-07-22 16:23:34', '2020-07-22 16:23:34', NULL, 15),
	(111, 'Saepe repellendus amet voluptatibus. Aut quia dolor quis eos quas.', 'Sed eligendi accusamus tempora voluptates molestiae illum voluptatem explicabo cupiditate odit debitis ab ut accusantium at labore doloribus voluptatem mollitia aut ducimus et sed illo ratione error quo laborum magni et velit maiores omnis illo debitis nisi totam veritatis sapiente facilis blanditiis animi velit error rem accusantium dolor asperiores praesentium consectetur velit odit fugiat libero iure magnam facilis amet non voluptas minus quaerat accusamus.', 1, '1979-04-30', '2020-07-22 16:23:34', '2020-07-22 16:23:34', NULL, 3),
	(112, 'Et ipsam sit dicta unde quaerat saepe et consequatur. Rerum et voluptatem quaerat sed.', 'Et et laborum reiciendis rerum blanditiis rerum voluptas dolores quis ut ut eveniet excepturi ullam deleniti dolor dolore nemo in velit esse aut ratione dolorem placeat aut incidunt distinctio doloribus tempora numquam ut sit non non error veritatis nihil molestiae occaecati dolore laborum accusamus laborum omnis et.', 1, '2012-10-16', '2020-07-22 16:23:34', '2020-07-22 16:23:34', NULL, 21),
	(113, 'Et aut laboriosam provident eaque eos dolorem consequatur. Quia aliquam velit qui dolor.', 'Omnis velit minus et qui nemo eligendi at nostrum deserunt perferendis vel eos aut a officiis adipisci et non aut rerum voluptatem molestiae saepe ullam autem omnis et dolore magni veritatis eos voluptates ut qui tempore et asperiores esse repellendus in corporis consequuntur maxime corrupti autem magni non eveniet dolores ut animi numquam dolorum exercitationem vitae est.', 2, '2003-01-13', '2020-07-22 16:23:34', '2020-07-22 16:23:34', NULL, 34),
	(114, 'Officia sit omnis vel esse excepturi. Mollitia quia sapiente quod. Voluptas beatae est in.', 'Id iste est quos in quam quia accusamus id similique ut at esse quo eligendi sunt perspiciatis et iusto voluptas molestiae velit tempora similique corrupti earum sapiente explicabo non a dolores illo aliquam dolor mollitia voluptatum alias quibusdam quasi et.', 0, '1990-09-23', '2020-07-22 16:23:34', '2020-07-22 16:23:34', NULL, 35),
	(115, 'Mollitia omnis veritatis vitae at et aut consequatur. Est facere optio error at consequatur sunt.', 'Sunt est adipisci deleniti et sapiente esse fugiat non corrupti et velit qui vel quisquam dolorum inventore optio quam sit voluptatem recusandae repellendus qui vel consectetur accusantium asperiores aut est voluptatibus quis doloremque laborum optio quod voluptate fuga nisi enim qui inventore consectetur molestiae sint voluptas accusantium amet veniam corrupti nam ut veritatis vero facere aut quas atque harum aliquam quia et odit sed aut reprehenderit.', 1, '2020-05-20', '2020-07-22 16:23:35', '2020-07-22 16:23:35', NULL, 39),
	(116, 'Id eaque qui amet at. Et non et eius recusandae. Porro soluta qui ut quibusdam sed.', 'Non culpa rem voluptatibus qui et aspernatur voluptatibus quam sunt nisi tempora unde non facere ut consequuntur alias temporibus iure sint voluptatum voluptatem quibusdam maiores totam dolor possimus saepe incidunt sit rerum laudantium et velit ut ut aut repudiandae velit fuga blanditiis aut sed suscipit tempora eligendi aut dolorem non.', 2, '1988-08-11', '2020-07-22 16:23:35', '2020-07-22 16:23:35', NULL, 33),
	(117, 'Fugiat quo et temporibus. Eos ullam sit consequatur qui quis ut. Culpa aut est dolores similique.', 'Voluptates facilis incidunt qui beatae autem nobis laudantium aspernatur illo ut voluptates id voluptatem recusandae quo illum quisquam enim voluptate officia sed non hic dolore qui consequatur harum ipsum aliquid maiores rem fugit quia autem sint quia vero harum cum non quam ad tempora reiciendis sint quos fugiat cupiditate autem dolorem sed eius non est assumenda eos ullam aut exercitationem culpa debitis ipsum qui aliquid nobis assumenda labore aut.', 2, '1974-10-08', '2020-07-22 16:23:35', '2020-07-22 16:23:35', NULL, 2),
	(118, 'Deserunt maxime nisi minima voluptatem non. Distinctio doloremque laborum dolores quisquam.', 'Velit quas alias doloremque ipsa nulla ex voluptas voluptas dolorem nesciunt voluptatibus repudiandae officiis est et iusto ut eos dignissimos dolor exercitationem corrupti itaque aut et iusto ex nam temporibus numquam quod libero eos expedita minus unde esse ab deserunt accusantium voluptas ex id blanditiis et et ipsum sequi molestiae nobis a ipsam commodi repellat maxime odit vitae.', 1, '2008-06-07', '2020-07-22 16:23:35', '2020-07-22 16:23:35', NULL, 7),
	(119, 'Corporis rerum officia voluptate quis. Et facere dolor qui.', 'Totam qui sit qui eum quae alias nam ipsa aliquid perferendis quos illum omnis deleniti vitae officia quia fugiat est est est soluta praesentium minus non quo architecto et modi nostrum suscipit dolorum eum tenetur dolor alias temporibus ea explicabo sequi magnam voluptate assumenda et impedit eius omnis odit voluptatem ut ratione excepturi accusamus molestiae voluptas quis sequi ipsam numquam cum quam veniam voluptas quasi culpa explicabo excepturi libero numquam.', 1, '2015-08-12', '2020-07-22 16:23:35', '2020-07-22 16:23:35', NULL, 5),
	(120, 'Pariatur molestias officia vel. Dolorum consequuntur enim et maxime natus voluptatem illo impedit.', 'Animi voluptas deleniti et ex assumenda voluptatem dolores eum sunt omnis molestiae fugiat corrupti provident velit occaecati et repudiandae eos placeat fugiat accusamus laudantium aut iure facilis natus facere quasi eos et sint corrupti nostrum et maxime et similique dolores autem qui at totam consequuntur id.', 0, '1981-03-16', '2020-07-22 16:23:35', '2020-07-22 16:23:35', NULL, 4),
	(121, 'Et aut quaerat optio vero. Dolores omnis ut repellendus ad minus.', 'Eum fugiat non occaecati molestias hic architecto debitis voluptatem iure ea laudantium illo similique cumque et distinctio omnis perspiciatis quod eius et qui doloremque dolorem impedit qui et at consequatur et laborum neque at optio non optio est numquam magnam rerum sit architecto.', 2, '1987-11-28', '2020-07-22 16:23:35', '2020-07-22 16:23:35', NULL, 17),
	(122, 'Omnis maxime voluptas minima est eum id quia. Et nulla beatae sit quasi enim est.', 'Modi modi sapiente quisquam iusto quaerat animi magni earum et ut aut nihil quia minus veritatis dolore officiis nam ut in cupiditate totam rerum minima architecto sapiente qui facere repellat est rerum quo est quas accusamus aut porro voluptatem maxime nesciunt totam omnis enim officia facilis illo iure temporibus et possimus maxime doloremque in aut sit provident quasi ex occaecati cupiditate maiores est amet possimus.', 2, '2014-05-13', '2020-07-22 16:23:35', '2020-07-22 16:23:35', NULL, 10),
	(123, 'Deleniti nam et ea eos error sunt consequatur corrupti. Assumenda aliquam quasi nobis quaerat.', 'Accusantium consequatur unde aliquid dolor quidem molestiae soluta numquam corrupti beatae culpa quas excepturi quis aut sit occaecati dignissimos quia alias suscipit est vel sit temporibus rem quam ipsam ipsum et ut animi commodi sunt repudiandae perspiciatis est quam expedita excepturi sed repellat ratione tenetur.', 2, '1996-06-09', '2020-07-22 16:23:35', '2020-07-22 16:23:35', NULL, 9),
	(124, 'Et vel ea neque itaque doloremque sed. Aperiam nostrum fugit eum amet eum consequatur.', 'Unde architecto dolorum deleniti sed est voluptatibus fuga consequatur deleniti inventore dolores quia et eos aperiam magnam et minima iure deserunt quae officia cupiditate atque perspiciatis eveniet sint beatae est dolor neque provident doloribus omnis asperiores officiis voluptatem sequi illum aperiam non illo aut id est non enim qui sint officiis nemo quod in.', 0, '2011-09-03', '2020-07-22 16:23:35', '2020-07-22 16:23:35', NULL, 39),
	(125, 'Quia in est cupiditate a maiores. Neque corporis et est est cumque corporis. Unde illo at modi et.', 'Aut aliquid cupiditate fugiat quia molestiae qui possimus eius veniam quisquam nobis quia voluptatem quibusdam reprehenderit eligendi qui laudantium odio dolor impedit est repellendus eos nulla est placeat at molestiae qui quasi itaque et illum qui voluptas aut vitae fugit distinctio sapiente cumque asperiores et et quasi vitae et dignissimos.', 0, '2012-12-09', '2020-07-22 16:23:35', '2020-07-22 16:23:35', NULL, 23),
	(126, 'Quibusdam nihil nostrum dolorem. Minima hic aut voluptates qui eius vero voluptas.', 'Necessitatibus est tenetur laborum occaecati inventore placeat dolores veniam in dolorem omnis cupiditate eligendi architecto voluptas dolorem odio error laborum et a iusto assumenda saepe asperiores ducimus dolor officia fuga molestias nemo eum sequi rerum veritatis facilis facilis aut pariatur repellat dicta.', 0, '1991-05-15', '2020-07-22 16:23:35', '2020-07-22 16:23:35', NULL, 20),
	(127, 'Veniam vel eos nulla rerum. Voluptas provident aut dicta molestias at sunt.', 'Atque odit ducimus culpa quasi in est ut provident impedit amet dignissimos inventore tenetur tempora repellendus vitae eum facere praesentium exercitationem animi quo numquam rerum cum minima rerum ducimus ducimus optio atque quisquam itaque voluptatem facilis quia neque iure quos nulla non maxime debitis quaerat laboriosam eum ad quia odit non cum necessitatibus aut occaecati sint et ut quia blanditiis libero dolorem officia voluptatem eum voluptatem.', 2, '1986-02-26', '2020-07-22 16:23:35', '2020-07-22 16:23:35', NULL, 28),
	(128, 'Deleniti quo eveniet atque deserunt consequatur. Voluptatem sequi animi totam eveniet.', 'Nulla aut et animi dolores et nihil iusto soluta ut tempore ut molestias voluptas corporis earum saepe aut deleniti sunt dolorem esse culpa temporibus sed tempora adipisci eius autem minus et quos voluptatem nostrum molestiae corporis at nulla reiciendis et quisquam dignissimos at odio rem delectus harum impedit vitae quis neque veniam molestiae ipsum voluptas nesciunt praesentium deserunt reiciendis aperiam odio possimus ipsa doloribus sit veniam repellat ullam cum nisi.', 1, '2020-05-21', '2020-07-22 16:23:35', '2020-07-22 16:23:35', NULL, 1),
	(129, 'Officiis vitae facere eveniet et qui. Iste facere vitae ut.', 'Quia hic recusandae qui dolorem quisquam est aliquid sunt id eum aut reprehenderit repudiandae et qui deleniti cupiditate voluptates optio officiis cumque aliquam id enim voluptas ex sed maiores id est aut voluptatibus officiis dolorem voluptas repellat soluta eveniet ex esse sequi et omnis omnis voluptate aut eum et aut eligendi eos sed modi.', 1, '1981-03-04', '2020-07-22 16:23:35', '2020-07-22 16:23:35', NULL, 24),
	(130, 'Eaque necessitatibus est vel facilis nihil aperiam dicta. Id et eos quos dolores qui aut.', 'Aliquam nisi doloribus fugiat cum aliquam veritatis facilis aperiam a officia dolorum rerum voluptates illum atque quae sed et molestiae dicta facere voluptas ea voluptates voluptate quis dignissimos expedita consequatur quasi itaque voluptatem fuga rem rerum nesciunt magni rem fugiat vel saepe voluptas ut est sit illo eum ut quia nemo molestiae eum totam aut sequi iste odio inventore et aut dolor voluptates.', 0, '1986-09-04', '2020-07-22 16:23:35', '2020-07-22 16:23:35', NULL, 31),
	(131, 'Fuga suscipit modi at non asperiores. Velit unde ipsa aut consectetur.', 'Qui molestiae quia tenetur itaque et quisquam id quibusdam id delectus consequatur neque et incidunt nulla quos eius doloremque corrupti aliquid praesentium aut dolor deleniti itaque aut et qui enim corporis modi voluptas nulla aut est harum sunt ratione sapiente voluptate atque odio officiis necessitatibus nisi nisi eos et molestiae aut aut quam aut voluptas dolores labore animi sunt voluptas sint rem ex nisi.', 0, '2011-09-24', '2020-07-22 16:23:35', '2020-07-22 16:23:35', NULL, 5),
	(132, 'Aspernatur et et aut alias ut. Explicabo perferendis nobis voluptatem.', 'A consequatur dolores aut omnis soluta est enim itaque sint asperiores iure provident rerum aut consequatur nesciunt debitis beatae quaerat incidunt officia cum perspiciatis vel ut aut cupiditate veniam debitis corporis est excepturi sed aut voluptas aliquam esse sed tempore tenetur odit facilis optio in ut consequatur saepe magnam ut earum autem numquam repellendus rerum voluptatem sunt deleniti.', 2, '2018-01-18', '2020-07-22 16:23:35', '2020-07-22 16:23:35', NULL, 26),
	(133, 'Qui qui neque quo magnam. Quod voluptatum doloremque asperiores nam quia.', 'Nulla nisi voluptatum expedita cumque rerum ut consequatur id eum numquam sapiente porro et ducimus omnis debitis hic ipsum qui perspiciatis adipisci iusto et aut dolor error repellat numquam vitae labore quam velit ut quidem ut et similique vel autem id et sequi quisquam non necessitatibus et quasi quia ipsam illum in repellendus ut laboriosam error aliquam enim enim ipsum facilis iure labore.', 1, '1992-09-04', '2020-07-22 16:23:35', '2020-07-22 16:23:35', NULL, 3),
	(134, 'Ut corrupti animi quis provident. Ea porro saepe molestiae voluptatem.', 'Sint excepturi sed magnam minus dolorem ducimus id eveniet corporis voluptas est nam placeat fuga repudiandae exercitationem sed quo et ullam occaecati accusamus ea et aut dolorem ab odit expedita numquam aperiam non est laudantium voluptatum quod est et omnis et perspiciatis sint cumque minima ipsam inventore qui et vero laboriosam eius sapiente commodi.', 0, '1999-09-17', '2020-07-22 16:23:35', '2020-07-22 16:23:35', NULL, 14),
	(135, 'Aperiam labore quia possimus velit vero. Blanditiis facere ex ut mollitia.', 'Natus soluta rerum velit eum placeat quaerat dolor amet perferendis ipsam a quis temporibus asperiores veniam doloremque impedit cum et molestiae omnis reiciendis temporibus distinctio in adipisci consequuntur sapiente vel fuga eos quia nisi laborum eos quia architecto eaque ipsa ab qui totam facilis voluptatum maiores consequatur nobis maxime aut nulla magni est illum eum iste quia aliquam nulla quos cumque blanditiis.', 1, '2008-02-13', '2020-07-22 16:23:35', '2020-07-22 16:23:35', NULL, 31),
	(136, 'Fugiat aut itaque fuga. Fugit nam enim dolores officia.', 'Voluptatem et occaecati distinctio vero qui quia omnis laboriosam aut consequatur et iure quidem voluptas provident corporis expedita ut at placeat ipsum dolorem est voluptatem corporis non quod voluptatum deserunt vel provident eligendi optio nobis nesciunt maxime vitae deleniti voluptatem delectus dolore et qui velit ut harum enim soluta voluptatem blanditiis.', 2, '1976-05-22', '2020-07-22 16:23:35', '2020-07-22 16:23:35', NULL, 23),
	(137, 'Accusamus sit consectetur sed. Et libero sed alias qui odit.', 'Cum voluptates aut velit quasi et aut recusandae inventore rerum saepe voluptas sed quis molestiae ut quia rem sed non quo excepturi blanditiis earum perferendis modi hic maiores eum unde est in dignissimos ea architecto suscipit error vero eos architecto id qui maiores optio nihil sint rerum eaque ea ducimus mollitia voluptatibus dolores cumque ut in eum recusandae consequuntur.', 1, '1999-07-28', '2020-07-22 16:23:35', '2020-07-22 16:23:35', NULL, 35),
	(138, 'Libero dignissimos sit ut illum error. Quibusdam ad placeat earum culpa iure eos sunt eos.', 'Dignissimos sint vero et cumque corporis consectetur laboriosam minus tempore cupiditate eum laboriosam tempore non laudantium autem voluptatibus et perferendis nihil deleniti debitis tempore et aliquid mollitia culpa et dolores modi earum nemo laboriosam et aliquid ex voluptas rem quia ut id.', 0, '2001-05-19', '2020-07-22 16:23:35', '2020-07-22 16:23:35', NULL, 20),
	(139, 'Sit deleniti doloribus atque molestiae veritatis aut occaecati. Minus ut quaerat expedita qui.', 'Ea consequuntur reiciendis mollitia ipsam adipisci perspiciatis et consectetur quos quasi impedit neque architecto qui omnis consequatur saepe autem et quis doloribus fugit aliquid ut qui aut rerum assumenda ullam et aut nisi reiciendis enim occaecati modi nostrum eveniet architecto iure nam sint minima eos et ut aut nostrum iure aperiam qui magnam est adipisci sit deleniti unde aut aut eum magnam accusamus.', 1, '1982-11-04', '2020-07-22 16:23:35', '2020-07-22 16:23:35', NULL, 10),
	(140, 'Ad in ad facere debitis et. Ea debitis iure ad. Aut nobis quisquam quia totam qui.', 'Doloribus quisquam est ipsum qui ipsa quos illum dolor id quos omnis voluptate culpa qui omnis doloremque minus ut placeat unde tenetur at quas molestiae ex et reiciendis enim dolorem voluptatem qui blanditiis deserunt quia sint minima nemo nulla dignissimos aliquam dolorem nostrum accusamus dolores occaecati itaque voluptatibus vitae.', 2, '1996-10-24', '2020-07-22 16:23:35', '2020-07-22 16:23:35', NULL, 27),
	(141, 'Est aliquam aut magni aut qui. Dolorem vitae aut eius quia.', 'Laboriosam natus atque similique necessitatibus optio beatae aut mollitia dolorem dolore aut eaque non ipsa possimus qui quis sint eos at vel consequatur modi voluptates aliquid aspernatur atque quia natus aliquid officia necessitatibus odio porro earum molestias facilis nemo fugiat laboriosam voluptas voluptates enim quo ut aut odio est et suscipit.', 0, '1987-04-16', '2020-07-22 16:23:35', '2020-07-22 16:23:35', NULL, 24),
	(142, 'At et rem minima. Sunt officiis aut est nam a. Veniam quia magni optio provident.', 'Et non ut sunt blanditiis ipsum dolore impedit voluptas tempora totam voluptas dolorem quia eos id quas et aut ex ducimus similique ut eos enim nemo animi blanditiis distinctio cumque assumenda sed quisquam eveniet aperiam molestiae ut quod consequatur architecto dignissimos temporibus tenetur adipisci et deserunt.', 2, '2005-06-22', '2020-07-22 16:23:36', '2020-07-22 16:23:36', NULL, 39),
	(143, 'Dolores perspiciatis excepturi soluta. Omnis sit nihil doloremque eos vel occaecati molestias.', 'Id asperiores fugiat animi totam et ad maxime esse cumque sed eos quod qui maxime sint molestiae sit sed in alias expedita enim placeat dolore a eum omnis ipsum blanditiis modi consequuntur inventore enim quasi impedit qui molestias repellendus voluptatum nihil modi unde fuga eaque illo in molestiae quisquam amet quis ratione earum dignissimos sed saepe ipsam aspernatur architecto molestiae ullam quas.', 0, '2020-03-31', '2020-07-22 16:23:36', '2020-07-22 16:23:36', NULL, 39),
	(144, 'Modi eius omnis animi officiis. Similique hic consequatur accusamus.', 'Quae fugit distinctio doloribus magni unde sit nulla delectus magnam voluptatem est debitis porro voluptate error quaerat harum dolores nemo officia laborum dolores iusto consequatur perspiciatis minima et possimus doloribus illo accusantium et laudantium suscipit neque repellendus non cumque necessitatibus quam beatae voluptas eius.', 1, '1975-06-03', '2020-07-22 16:23:36', '2020-07-22 16:23:36', NULL, 7),
	(145, 'Cumque fuga quas provident rerum deserunt. Neque debitis ut et reiciendis.', 'Doloribus mollitia dignissimos velit aspernatur voluptatum ea sit est maiores harum dolores et molestiae nesciunt culpa corporis et aut iure et blanditiis quia suscipit vitae eveniet eum et autem et adipisci veniam quia quibusdam temporibus ea odio ratione unde dolorum quia qui culpa velit et aut voluptatum perspiciatis soluta aliquam quia necessitatibus dolor deserunt sed sunt modi alias exercitationem officia occaecati possimus voluptatem doloribus sunt exercitationem eos ut voluptatum eum harum.', 2, '1982-01-06', '2020-07-22 16:23:36', '2020-07-22 16:23:36', NULL, 14),
	(146, 'Iure eos sit voluptatem consequatur. Nobis in et eum nulla ex.', 'Asperiores rem voluptatem molestiae et consequuntur porro officiis ipsam tempora ea illum at molestiae est reiciendis quaerat ad autem aut et voluptatem voluptatem tempore ratione amet voluptatem quasi harum vitae aut placeat quibusdam natus perspiciatis maxime perspiciatis vel nisi illum laudantium aut et repellendus.', 2, '1976-04-12', '2020-07-22 16:23:36', '2020-07-22 16:23:36', NULL, 16),
	(147, 'Dolor sed perspiciatis iure. Officia tenetur assumenda totam accusantium est.', 'Voluptate unde eius eaque possimus sed voluptas eius quidem officia iure suscipit repudiandae velit illum aut ab velit voluptas sed molestias quibusdam voluptatem enim quasi neque aliquam amet error a perferendis soluta mollitia dolor fugiat porro perferendis sapiente pariatur blanditiis quisquam atque libero necessitatibus nam numquam voluptatem officia tempore quae ipsam dolores similique voluptatem inventore ratione quidem similique velit quo totam id dolores quia.', 0, '1974-09-07', '2020-07-22 16:23:36', '2020-07-22 16:23:36', NULL, 31),
	(148, 'Distinctio iure numquam perspiciatis. Animi quibusdam quia veniam ratione ullam nesciunt.', 'Quos sapiente assumenda fuga et earum ducimus nam et vel omnis et beatae libero sint doloribus corporis esse qui ea nihil facilis rem minus sed autem et hic repellendus nobis suscipit et quia quos minus debitis quaerat voluptatibus sed soluta optio nostrum omnis odio mollitia voluptate molestiae et soluta dolores nulla at dolorem eveniet alias quam enim cumque eius at inventore repudiandae quidem ut est id.', 2, '1996-03-01', '2020-07-22 16:23:36', '2020-07-22 16:23:36', NULL, 8),
	(149, 'Et ullam omnis quasi. Aliquam voluptatem nostrum nisi in consectetur voluptatem sint.', 'Aut facere laudantium aut consequatur enim inventore aut ad incidunt omnis molestiae et ea eum corporis dolor nesciunt et eos voluptas reprehenderit accusantium odio corrupti tempore voluptas maiores assumenda magnam autem vel natus non et temporibus temporibus rerum enim nemo eligendi neque natus dolores.', 0, '1993-08-01', '2020-07-22 16:23:36', '2020-07-22 16:23:36', NULL, 6),
	(150, 'Sequi nesciunt non quidem occaecati et est. Officia id aut repellat.', 'Voluptas asperiores dolor veniam illum ipsam ratione harum est est cum explicabo illum culpa in in distinctio ea ut modi accusamus sunt ut iste eaque odio velit nisi id error in corporis explicabo sunt deleniti enim enim est officiis vero fuga pariatur ut eius debitis rerum natus natus unde perferendis voluptates aliquid quisquam.', 2, '2010-12-20', '2020-07-22 16:23:36', '2020-07-22 16:23:36', NULL, 30);
/*!40000 ALTER TABLE `tasks` ENABLE KEYS */;

-- Dumping structure for table test_work.users
CREATE TABLE IF NOT EXISTS `users` (
  `id` int unsigned NOT NULL AUTO_INCREMENT,
  `name` varchar(255) COLLATE utf8mb4_unicode_ci NOT NULL,
  `email` varchar(255) COLLATE utf8mb4_unicode_ci NOT NULL,
  `email_verified_at` timestamp NULL DEFAULT NULL,
  `password` varchar(255) COLLATE utf8mb4_unicode_ci NOT NULL,
  `remember_token` varchar(100) COLLATE utf8mb4_unicode_ci DEFAULT NULL,
  `created_at` timestamp NULL DEFAULT NULL,
  `updated_at` timestamp NULL DEFAULT NULL,
  PRIMARY KEY (`id`),
  UNIQUE KEY `users_email_unique` (`email`)
) ENGINE=InnoDB AUTO_INCREMENT=3 DEFAULT CHARSET=utf8mb4 COLLATE=utf8mb4_unicode_ci;

-- Dumping data for table test_work.users: ~2 rows (approximately)
/*!40000 ALTER TABLE `users` DISABLE KEYS */;
INSERT INTO `users` (`id`, `name`, `email`, `email_verified_at`, `password`, `remember_token`, `created_at`, `updated_at`) VALUES
	(1, 'admin', 'adm@mail.ru', NULL, '$2y$10$t211Pj6KSTUjyL9IiSmSr.xhNOnoC4oPVAIC02mACVxQz1C7EQH.C', NULL, NULL, NULL),
	(2, 'adm', 'admin@mail.ru', NULL, '$2y$10$gNSPFJmaxY6I1eDmp5Iu0u2ZqdYAaYAjjokHYWj.rPqbuF1AMhdEe', NULL, NULL, NULL);
/*!40000 ALTER TABLE `users` ENABLE KEYS */;

/*!40101 SET SQL_MODE=IFNULL(@OLD_SQL_MODE, '') */;
/*!40014 SET FOREIGN_KEY_CHECKS=IF(@OLD_FOREIGN_KEY_CHECKS IS NULL, 1, @OLD_FOREIGN_KEY_CHECKS) */;
/*!40101 SET CHARACTER_SET_CLIENT=@OLD_CHARACTER_SET_CLIENT */;
